03bt1gh, Games
01mw1, Video game
07yv9, Vehicle
01jddz, Concert
09jwl, Musician
0215n, Cartoon
01350r, Performance art
0k4j, Car
026bk, Dance
0342h, Guitar
0d8lm, String instrument
02wbm, Food
02vx4, Football
05229, Musical ensemble
0mdxd, Music video
0jbk, Animal
0hcr, Animation
0410tth, Motorsport
068hy, Pet
0dfbw, Racing
0p57p, Recipe
050k8, Mobile phone
01mtb, Cooking
0169zh, Smartphone
02mf1n, Gadget
03hdbf, Trailer
0138tl, Toy
09v6kpg, Minecraft
02hnl, Drums
01ykh, Cuisine
05r5c, Piano
04_sv, Motorcycle
02q08p0, Dish
026t6, Drums
042v_gx, Acoustic guitar
02ntfj, Action-adventure game
026wy8d, Call of Duty
02sgy, Electric guitar
09lbv, Drummer
014trl, Cosmetics
05148p4, Keyboard
0l14jd, Choir
03hf_rm, Strategy video game
094jc, Fishing
0k5j, Aircraft
07jdr, Train
05czz6l, Airplane
05vyk, Pianist
012mq4, Sports car
0jjw, Art
03q69, Hair
06d_3, Rail transport
01sgl, Cycling
05pd6, Orchestra
018w8, Basketball
07bsy, Transport
057cc, Musical keyboard
025sn53, Motorcycling
0199g, Bicycle
0ch_cf, Fish
05b0n7k, Outdoor recreation
0dkw5, Machine
02dsz, Disc jockey
022dc6, Sports game
0plc2, Radio-controlled model
0ds4x, Hairstyle
032tl, Fashion
0bt9lr, Dog
06zfw, Skateboarding
07yr3, Fighting game
06nb_j, Basketball moves
027lnzs, iPhone
081hv, Wedding
06_fw, Skateboard
0643t, Personal computer
07r04, Truck
019jd, Boat
01g50p, Railroad car
06rvn, Snare drum
0jm_, American football
02csf, Drawing
05xwg, Pokémon
09qf5, Winter sport
013xlm, Tractor
0hgnzjh, Grand Theft Auto V
01hryy, Naruto
01qbl, Cymbal
03k3r, Horse
02mk9, Engine
03jm5, House
0hr5k, Festival
04c20y, Highlight film
01cgz, Boxing
021dvx, World of Warcraft
0j24v_k, Call of Duty: Black Ops II
02988_, Four-wheel drive
015p6, Bird
07y_7, Violin
0c4f_, Weight training
09qjj, Skateboarding trick
03qc82_, Recreational fishing
01vq3, Christmas
03bwwx, Warcraft
03xbw, Ice skating
0kw6d, Driving
07_tb, Video game console
0vg8, Airline
04r_8, Microsoft Windows
01hh79, Landing
05b1n7, Pokémon
04n3w2r, League of Legends
0byj4, Combat
0dhz0, Airliner
0l8fl, Model aircraft
0f4s2w, Vegetable
0hnbsn3, Samsung Galaxy
01vdm0, Electronic keyboard
0ctrp, Sport utility vehicle
03mr6, Hockey
053scx, Radio-controlled aircraft
0dxrf, Frying
025zp2s, Eye shadow
0270h, Dessert
018hzk, Cooking show
03f_kc, Battlefield
05s2s, Plant
012xhn, Slam dunk
05qdh, Painting
0bh9flk, Tablet computer
05h5q84, Call of Duty: Modern Warfare 2
04yr41, Drifting
0dr19, Rallying
04ndr, LEGO
02hk9c, Grand Theft Auto: San Andreas
03ykjs9, Comedy
035f_j, Off-road vehicle
04h5c, Locomotive
09b3v, The Walt Disney Company
015z_b, Takeoff
010jjr, Amusement park
0d7s3w, Puppy
01l8t_, RuneScape
0gff_kj, Call of Duty: Modern Warfare 3
01lp7f, Motocross
09cjl, Airport
0k2dm, Dragon Ball
05wkw, Photography
0bwm8y4, Call of Duty: Black Ops
06rrc, Shoe
0lyyx, Radio-controlled car
0ltfs, Bride
08b26_, Sonic the Hedgehog
01gl72, Skatepark
0mkg, Accordion
027x0j, Mascara
015y8h, Jet aircraft
033th, First-person Shooter
04h6hv, Halo
0dv5r, Camera
071k0, Skiing
016yx7, Gym
02ywx, Final Fantasy
0fzyg, Aviation
09x9g, Marching band
0_mjp, Mountain bike
02k_k3t, Ford
01kcd, Brass instrument
02pyg, Extreme sport
010wgnk7, FIFA 15
037b2q, Sasuke Uchiha
01yrx, Cat
0cvq3, Pickup truck
021mp2, Sedan
04scj, Meat
017yh, BMW
063r3, Parade
014f__, Supercar
0fszt, Cake
0149r, Aquarium
023j4r, Nail
0866r, Weather
083kb, Weapon
06_g7, Surfing
06ht1, Room
067gh, PlayStation 3
02qt6tp, Call of Duty 4: Modern Warfare
09ct_, Helicopter
06ncr, Saxophone
01c648, Laptop
06mmr, Star Wars
02plp2, Xbox 360
03pty, Hotel
0d76r, Arcade game
02rc4d, Goku
0167gd, Doll
025m070, Newscaster
07ywl, Volkswagen Passenger Cars
05nj_s, Exhaust system
01cmcs, Hatchback
09l9f, Carnival
06c7f7, Lipstick
026kds, Wii
01m3v, Computer
017h86, Action figure
06zdj, School
07656, Sonic the Hedgehog
09rvlp4, iPad
0fg019, Eye liner
0d6n1, Ballet
02gx17, Heavy equipment
06h7j, Running
0dv34, Baking
0195fx, Rapid transit
01d1dj, Coupé
09rgp, Road bicycle
04030j, Nail polish
01mtt, Card game
034v_, Gardening
01bjv, Bus
0zdksk1, Nail art
0krfg, Meal
05rj2, Playing card
0233c, Counter-Strike
07bs0, Tennis
07cmd, Tank
0722qs, Grand Theft Auto IV
06q74, Ship
0xm0m9r, Chevrolet
01chg, Bollywood
06w7n5d, BMX bike
09qgm, Snowboarding
019tzd, Mountain biking
0271t, Drink
025t5bz, Rouge
0h5y1j0, Toyota
079pq, Street Fighter
05cwrp, Super Smash Bros.
01sfb5, Underwater
03mh0vs, The Sims
019cfy, Stadium
017rnr, Amusement ride
01fzz2, Pony
0hbfd, Kickflip
02vrbp4, Metin2
07_l6, Viola
01f4cc, Manicure
07c52, Television
0b3yr, Beach
09p5m, Hunting
06_dn, Snow
020vl, Chocolate
0r4_kmc, PlayStation 4
021bp2, Simulation video game
010l12, Roller coaster
083vt, Wood
09kjlm, Sneakers
01vnt4, Timbales
027mn6z, Afro-textured hair
02ks74, Need for Speed
0397w, Gymnastics
0641k, Paper
06fgw, Robot
070kp2, Diatonic button accordion
0g8p9, Farm
052mx, Mercedes-Benz
02yjc, Fighter aircraft
09xzd, Chevrolet
07glzq, Sketch
07k1x, Tool
01d5g, Batman
0cfpc, Loudspeaker
0lwkh, Nike; Inc.
0bl0l, Garden
071p9, Ski
05y4t, Paint
09kjpq, Underwater diving
01mfj, Computer hardware
01r_pn, Race track
01xqw, Cello
0dw7n, Digital camera
02rlv9, Motorboat
0dmq2, Scooter
078ffw, Harry Potter (Literary Series)
076yyd4, Assassin's Creed
02k_kxs, Honda
0h1fd30, GoPro
03y0gtw, Battlefield 3
0cqrz, Fishing rod
0mcx2, iPod
0dlkwn1, Dota 2
05h0n, Nature
07j7r, Tree
02gqhg, My Little Pony
0py27, Train station
0vphbfj, Xbox One
01d40f, Dress
03_qm, Jeep
012n4x, Firefighter
0l14j_, Flute
054zr, Rail transport modelling
02dkrm, Resort
0f25w9, Chicken meat
02xwb, Fruit
04ctx, Knife
0r4kr10, Dashcam
0381zh, Slide show
0cgh4, Building
07d5v, The Legend of Zelda
0d4wf, Kitchen
068h9f, Touhou Project
0b_rs, Swimming pool
0g6b5, Fireworks
06bqd, Rugby football
0vpk6by, Clash of Clans
0h5wtyy, Volkswagen
0hjzp, Kitten
018ng8, Television advertisement
0rphm0f, Battlefield 4
0jxxt, Horse racing
0cf89, Subwoofer
0fkw3, Flour
02z6z4v, iPod touch
04h2l3, MapleStory
0c03cdz, World of Tanks
0263qsk, Music festival
01xmqj, Figurine
0t_fv9h, Xbox
018gz8, Comedian
04spm, Manga
0by3w, Jumping
036vg6, Wrestling
07gql, Trumpet
08xkv3, Kingdom Hearts
01x9mn, Dough
014sv8, Eye
0d1pc, Model
0dwfc, Resident Evil
019dx1, Home appliance
0288qz7, Guitar Hero
0kyqzxz, FIFA 13
0gjkl, Watch
02x8rd, PlayStation Portable
04ypm0, Pro Evolution Soccer
08zvcl, Enduro
0k50, Audi
013y1f, Organ
0466kx, Off-road racing
033q3s, WWE 2K
04_fs, Muscle
02w3w, Fiddle
04gmzj, The Elder Scrolls V: Skyrim
02_5h, Figure skating
0bmjxs9, Nintendo 3DS
09w24, Ice dancing
01jnzj, Construction
02_41, Fire
01hk87, Braid
06ys2, Spider-Man
01_f03, One Piece
01rwk, Climbing
03nk0g, News program
0466q6s, BMW Motorrad
06z6r, Human swimming
01nblt, Apartment
01280g, Wildlife
0d1t3, Dressage
01f5gx, Eating
048fg, Kickboxing
0sggtt_, Call of Duty: Ghosts
04njq1, Scuba diving
033cnk, Egg
01w1d3, The Elder Scrolls
0drh_, Origami
04k84, Light
01r3hr, Running back
039j4m, Fishing lure
05l9t3, M.U.G.E.N
03f6tq, Living room
03dhbp, Transformers
013m1, Air force
0qk4n, Ford Mustang
04fdw, Kayak
01k32j, Gohan
01514, Ballroom dance
09qqq, Wall
01wb7, Church
0nkr2, Sheet music
0n5v01m, Bag
05qnqx, Concealer
099md, Soldier
0mz8t, Sewing
02b9x, Drag racing
01xsb3, Classic car
019w40, Surfboard
09b5t, Chicken
0h3mtz0, Destiny
09b1k, Walt Disney World
01lgkm, Recreational vehicle
0c_jw, Furniture
05zmb, Parachuting
02021, Chipmunk
016vdf, Mega Man
0404d, Jewellery
037b28, Sakura Haruno
03chwgt, Street Fighter IV
06l8d, Restaurant
04zfy, Mario Kart
01b7fy, Headphones
04f34h, Halo 3
02rs44, Speedometer
010gp6bl, Call of Duty: Advanced Warfare
04_bsf, Wheelie
02_58j, Bedroom
01h80k, Muscle car
0168g6, Factory
06cnp, River
047fr, Knitting
039h3r, Yu-Gi-Oh! Trading Card Game
01gqy7, Tekken
019sc6, Lighting
014mnd, Circus
01vfsf, Guitar amplifier
03c3vj4, PlayStation
07tf8, University
034wh, Graffiti
074l3b, Radio-controlled helicopter
09gltp8, Call of Duty: Zombies
0hm03, Trail
0ds72z0, Multiplayer online battle arena
01mr6j, Cookware and bakeware
0bt_c3, Book
01h6d4, Camping
066kp, PlayStation 2
018xm, Ball
06vmrv, Lego minifigure
01h5q0, Indian cuisine
01sg9l, Nightclub
015w6q, Barbie
01bjxx, Camera lens
0bs_x, Dodge
0gvrl5w, Go-kart
0d_fj, Hockey puck
01hp05, Thomas the Tank Engine
057879, Garry's Mod
0cnz5pd, Monster High
08854, Yacht
0f7kfd, Auto Race
0216z, Collectible card game
04f20t, Digital SLR
07_lq, Vegetarian food
01bgsw, Toddler
0qffzrl, Xbox
06c9r, Role-playing game
06y0w2, Rail freight transport
07tn5, Unidentified flying object
02nnq5, Longboard
02chzf, The Sims 2
0205x8, Madden NFL
019qw9, Convertible
04mtl, Lamborghini
0c1tlg, Quadcopter
01_pxf, Honda Civic
0gls6tt, Wii U
0gv1x, Parrot
01tv9, Cream
01m4t, Printer
03w992h, The Sims 3
0h9mv, Tire
0h5wwjv, Subaru
09t70c, Littlest Pet Shop
05qc_, Planet
0grw1, Salad
0hsrw, Sailboat
06w58cc, Sony Xperia
0g2bc, Unmanned aerial vehicle
09wcn_, Mortal Kombat
01tq2l, Cruise ship
0983v, Barbecue
077hz, Slot machine
02vr15q, Naruto: Ultimate Ninja
03bx07d, Longboarding
064p9fm, Halo: Reach
0c3ynbd, Stitch
065_q7h, Monster Hunter
06__v, Snowboard
0q56v, Game controller
0h1j7, Paragliding
0db10c, Mud bogging
0zd6, Macintosh
05tfch, Road bicycle racing
09728, Bread
07hmh8, Dofus
04_0qz_, Gears of War
02qty_5, StarCraft II: Wings of Liberty
03hftlt, Synthesia
083wq, Wheel
01hzl4, Wig
015zzv, Runway
0cyfs, Parachute
03n2_q, Home improvement
03vt0, Insect
028mzr, Hair coloring
06gfj, Road
0c5mq, Printing
01j2bj, Bathroom
0h6jq73, iPhone 4S
01xq0k1, Cattle
05vtc, Potato
03pby, Handheld game console
011s0, Advertising
02xj68v, Rock Band
0h2r6, Van
0838f, Water
089v3, Zoo
01tn_k, Play-Doh
0cmvn, Kinder Surprise
01nn79, Samsung Electronics
02cp5, Dragon
01tkqy, Stunt Performer
018wwb, Volkswagen Golf
012v4j, Hiking
021c2n, Metal Gear
030l0z, Bleach
012ndj, Fire engine
027g6wt, Santa Claus
04n3_w4, Fiat Automobiles
03f52z, Eyelash
025dcx, Gran Turismo
0dxlf, Grilling
02r60, Elevator
09xp_, Cricket
05zxk, PlayStation
07jbh, Table tennis
0h59_, Ice skate
05j0w, Nintendo Entertainment System
0326g, Flamenco
0c0ygc, Stallion
06wyv, Steam engine
096mb, Lion
03bxt6z, Runway
06c4_m, Baseball park
0605m, Plough
0jp31, Sail
018j2, Banjo
01x3jk, Snowmobile
03s883, Counter-Strike: Source
0cqvj, Bass
03qjg, Harmonica
0gg4gh4, iPhone 5
01z1m1x, Soup
0xnjb78, Farming Simulator
04p746, Squat
0c23pz, Mare
0687y, Prayer
04lh058, CrossFire
0j25zyj, Drum stick
013s93, T-shirt
0dxn2, Roasting
06bgw, Quartet (ensemble)
09759, Rice
015k42, Renault
07c6l, Trombone
04czc9r, Diablo III
0byb_x, Talent show
03_163, Barbell
06bt6, Reptile
021mn, Cookie
01j25p, Chevrolet Camaro
02gnkg, Ryu
0975t, Clay
0663v, Pizza
01v_x, Cube
03hcy1d, Mitsubishi
03hsp2, Beyblade
04sh3, Medicine
047b2wf, Call of Duty: World at War
0h9qh, Monster
03p2vx, Mixtape
0gk_mqh, Forza Motorsport
02dgv, Door
0grqz, Sauce
0ffb1b, Taiko no Tatsujin
04h4w, Lake
03qlv7, Tenor saxophone
01m2v, Computer keyboard
0fqq_84, PlayStation Vita
01wy6, Clarinet
073pnt, Defense of the Ancients
01dyf7, Sora
02522, Computer monitor
01qr50, Mud
08057vx, Super Street Fighter IV
0h0b5, Rubik's Cube
03czhy, Guild Wars
02lx2r, Album
01d30f, Teacher
0lyw6, Model car
09gjmvw, The Twilight Saga
01ksf2, Combine Harvester
06ypr, Sailor Moon
01bfwv, Mixing console
01mxf, Concrete
0cnyhnx, Bull
0lvmz, Puzzle
0309bs, Card manipulation
07pbfj, Fish as food
01nkt, Cheese
03d2wd, Dining room
0137k8, Boeing 737
0h1z6f, Lego Star Wars
0dmpm, Moped
02r2r7r, Pokémon X and Y
05r1j, Poker
01dv4h, Portrait
0kzwm, Luigi
02_39h, Asus
0l7_8, Floor
0svln, Inuyasha
01yg9g, Lawn mower
015ll, Board game
07j87, Tomato
01s6cj, Lip gloss
03jj52, Tabletop game
0c4xc, Sitcom
03vr13, Tibia
01z1kdw, Juice
0158_5, Cockpit
0hnws, Iron Man
0ch8v, Livestock
01lr2, Central processing unit
0dvzv, Final Fantasy VII
0hg7b, Microphone
06r6dr, The Lego Group
01ryw4, Zee TV
0gvv097, FIFA 12
03j1ly, Emergency vehicle
085n4, Website
0136wj, Super Smash Bros. Melee
01814z, Bodyboarding
0ck7l, Ninja
04bcr3, Table
0f2y0, Darth Vader
03vtj, Ice
01b82r, Saw
0174k2, Washing machine
040kqv, Rallycross
057ph, Mickey Mouse
0cxn2, Ice cream
0569zg, Beauty salon
04rhz, Magic: The Gathering
02j71, Earth
06wbjh_, Point Blank
0rf7hx0, Samsung Galaxy Note series
0bx_y3w, Television set
080hkjn, Handbag
01hpbc, The King of Fighters
07yjb, Vampire
0by6g, Shark
0sghnxp, DayZ
0513yzt, Ballet Dancer
02j9dp, Gibson Les Paul
0289n2z, Edward Cullen
039r_, Gliding
06z04, Skin
0hx2x, Dune buggy
09d_r, Mountain
056gfb3, Hetalia: Axis Powers
0192l, Bagpipes
04ttsh, Dirt track racing
0gw_v4q, DarkOrbit
0gvswb4, Halo 4
02qm2x, Icing
012h24, Comics
018lrm, Arena
0j2kx, Waterfall
0c0bg9c, iPhone 4
0vpl2cc, Batman: Arkham
0wy1rqq, ARMA
06mb1, Rain
070vn, Superman
02pl1rd, Nissan GT-R
0d38m, Marathon
0gx1mcc, Super Smash Bros. for Nintendo 3DS and Wii U
03qzgq, Rock climbing
01j51, Balloon
03hjsy, Mercedes-AMG
0hn9pm7, Google Nexus
0hr1s_w, Curry
063w2, Pencil
025vn5m, Guitar Hero III: Legends of Rock
09kx5, Deer
0dgrmp, Goalkeeper
05z55, Pasta
04d__1z, Fishing bait
017y8_, Terrier
03l34, Hard disk drive
02p0w7s, Parakeet
05q4qn2, Plants vs. Zombies
01833w, Outer space
049d8b, Computer case
01445t, Athlete
03k26d, Stretching
0gl8r, Red Bull
077rm7, Kamen Rider Series
0dnr7, Textile
01h75d, Biceps
0mfnf, Noodle
03krj, Handball
04r40, Land Rover
01c0z, Battery
01g8dv, Chevrolet Corvette
0478y78, Combat Arms
01dws, Bear
047vmg8, Rim
01sfl, Clown
04zpv, Milk
023cbk, Cargo
053wn, Maize
03v0xl, BMW M3
04wv_, Moon
026bs1g, Roblox
04_x4, Money
03p1r4, Cupcake
06zgpx, Traxxas
01h3n, Bee
05fc9mj, Christmas decoration
03mb156, Headset
06w46pn, Hatsune Miku: Project DIVA
0j9k952, Microsoft Lumia
015m2, Bead
0zvk5, Helmet
09tzjm, MacBook
07tl9y, Sega Genesis
07vwy6, Street art
03mn0k, Jeep Wrangler
045n4, Jedi
07j2f, Tattoo
0409cr_, Optimus Prime
03m3vpb, Gran Turismo 5
064ltt5, Mass Effect
0ft5b, Pachinko
039jq, Glass
038sbw, Tales
03cc4cp, Dragon Ball Z: Budokai Tenkaichi
0llzx, Sewing machine
0fq2q69, Movieclips
0k_8p, King Koopa
0971v, Beef
0nb7ylv, Angry Birds
02f_mj, Loader
01wt5r, Water park
01knyw, Silage
01599, Beer
04799yl, AdventureQuest Worlds
06nwz, Seafood
03m5k, Harp
01bdy, Bowling
01ln6f, Washing
019qky, Dragon Quest
0hf35, Volkswagen Beetle
0jgf9, BlackBerry
0p6vc, Joker
01b638, Boot
0ctsx, Coral
04p168, Cue stick
0k5c3, Mermaid
0h5wp8d, Hyundai
02q25c_, Guild Wars 2
01v50j, Crane
0dxr0, Stir frying
05z6w, Penguin
024g6, Cocktail
021mh_, Stuffed toy
0w_ghcf, iPhone 5s
0fq74z3, Rock Band
01jm5c, Grand Theft Auto: Vice City
011lx, Acrylic paint
02vzy4t, Far Cry
015z8s, Airbus A320 family
0639f2, Gears of War
025v24r, Updo
018ktp, Watercolor paint
07zm_g, Tractor pulling
01v327, Lawn
0h3pbtb, Borderlands 2
026w6hh, Tekken
02lvs2, Subaru Impreza
029bxz, Oven
07608d, Carl Johnson
01dhjg, Ten-pin bowling
04c5wj, Reef aquarium
05sp5n, Kingdom Hearts II
07cx4, Telephone
031sx9, Batting
01vnb, Comic book
065qh, Porsche 911
027qg4, Pokémon Trading Card Game
0km5c, German Shepherd
01940j, Backpack
0150fh, Ultralight aviation
02qvql, Mower
07kfm, Tram
03877, Game Boy Advance
04t7l, Metal
09dzg, Turtle
015jwr, Swing
0bpgx, High school
02r_57s, Cake decorating
026pb4h, Left 4 Dead
0cdn1, Hamburger
09ddx, Duck
06wc7ym, Lego City
0d31p, Vacuum cleaner
015j7, The Bible
064n76s, Left 4 Dead 2
02crk, Diesel engine
0gm28, Candy
01z9v6, Pitcher
0cj6x, Sowing
0532x8, Digimon
0l515, Sandwich
0242l, Coin
0gmf1d0, Warface
06hyd, Roof
01j61q, Tent
010hn339, Pokémon Omega Ruby and Alpha Sapphire
0f_h9h, Donkey Kong
016676, Aerobics
01399x, Pipe organ
04q3kvg, Star Wars: The Old Republic
0174nj, Gramophone record
0cqpb, Trout
0250x, Costume
0122jw, Drum and bugle corps
02mtys, BMW 3 Series
05kmnn, Strum
02_444, Trampoline
020rfd, Supermoto
0m8_b, Boeing 777
03wl_x, Gundam
02m6x0, Mitsubishi Lancer Evolution
0cjyh2, Dance studio
0ffgr0, Aion: The Tower of Eternity
0cm8j5d, Achievement
011qbg9n, Five Nights at Freddy's
02c66t, Wedding dress
0bzwl, Teenage Mutant Ninja Turtles
03lydk, Hair conditioner
06mf6, Rabbit
0hv6w, Logging
0395lw, Bell
08p5yb, Silkroad Online
0d84n, Gift
0403lcy, Netbook
0hzrtr5, Euro Truck Simulator 2
01_zvr, Latin dance
0hchp, String quartet
0hf73, Aerobatics
07k4r, Tai chi
0280wht, Smartwatch
02q39kh, Devil May Cry
0dzct, Face
01gt7, Boeing 747
02l2fg, Total War
0ggbcny, iPad 2
01x1wl, Shadow the Hedgehog
02ppnm, Stove
01ft5b, Kindergarten
0kypr, Super Mario Bros.
020lf, Mouse
081qc, Wine
0cqsc, Fishing reel
0194d, Badminton
0gttlrk, Terraria
015kr, Bridge
03wjyj, Simba
04lbp, Leather
01x3z, Clock
09cmq, Museum
013992, Lathe
0grtl, Steak
0680x0, String
02jzr, Easter egg
09w1n, Alpine skiing
04969, Kick
029j_, DVD
02zq2n, Raw food
0syjz, Video card
02kyqy, Roadster
0d10d, Largemouth bass
0zt90qx, Yo-Kai Watch
0rysk0k, Hearthstone: Heroes of Warcraft
0gtxdb2, Attack on Titan
01j_h3, Subaru
06nh1, StarCraft
01t2ln, Police officer
04dr76w, Bottle
084bl, Wakeboarding
03gfsp, Ceiling
07gyp7, McDonald's
05h5q_s, Glider
03d8m_, Monster truck
01h7tx, Roller skating
02_cz4, Foreign Exchange Market
01kr8f, Illustration
05h1vm_, God of War
0frq6, Pork
07rgn, Hulk
099fz, Sand
09tzfp, MacBook Pro
0j3fb8x, Assassin's Creed III
02fbcn, Bartender
01zj8b, Solo dance
0dwsp, Marimba
0j_5h1r, Need for Speed: Most Wanted
0362v5, Chopper
05h5m, Nintendo 64
0kym_, Super Mario World
0ncl8zk, British Broadcasting Corporation
032b3c, Jacket
029g6_, Marvel vs. Capcom
03nwsj, Hair iron
01kr41, Mask
06mv6, Star Trek
0p8xwrr, Dark Souls II
02p8p45, Itachi Uchiha
04652sq, Saints Row
03n0sf, Afro
028c4_, Hot rod
0pm67d7, Crash Bandicoot
0fg_n, Shampoo
025nd, Christmas tree
0892cv, Battery charger
06b1q, Quarterback
01qfxb, Castlevania
03p6y5, Nissan Skyline
03qcgj7, Tower defense
01j90l, Booster pack
02r2br8, ARMA 2
026nrxk, Marriage proposal
02f879, Halo 2
03tn42, Video game arcade cabinet
01mzpv, Chair
02gkbm, Link
05jl8d, Final Fantasy XIII
08c7kb, Fingerboard
05gk5c, Bowling ball
01gllr, Beehive
0rytj3p, Candy Crush Saga
04rzd, Mandolin
06f76, Router
0ngv0kh, Hair twists
02g387, Egg
02zt3, Kite
01kf53, Freeza
04rvm4, Resident Evil 4
01_bhs, Fast food
04n7g, Lexus
02x7rh, Muffler
05256q_, Glider
05vq_d, Yamaha YZF-R1
05f5g1r, Artificial nails
0wymnq_, Tower of Saviors
01j4z9, Chainsaw
01c34b, Flooring
0crdwmb, Kawasaki motorcycles
0hw5w, Hijab
076wqf3, Pokémon HeartGold and SoulSilver
09xng7, Diablo
02bl6q, Ash Ketchum
09rvcxw, Rocket
02hvd, DC Comics
013317, Anpanman
023q2z, Cinema 4D
05hp41, Car wash
086nh, Web page
02qfx, Embroidery
039b5, Galaxy
01dydr, Kingdom Hearts
084zz, Whale
0tkkm8x, Gran Turismo 6
04blr, Knot
015zny, Metal detector
03qrc, Hamster
02w8hn5, Counter-Strike Online
09nyy, Juggling
01d380, Drill
09777, Salmon
026pc7x, Torte
0hf2p, MINI Cooper
05wn0, Pump
0jb2l, Thunderstorm
03hfn0, Backpacking
02chd9, Brush
0hcjm, Brake
03wb2z, Suite
05hhmd, Ollie
051hrr, Electronic drum
07fbm7, Strawberry
058hry, Smoothie
06w9fz2, Uncharted
02hq_z, Hot Wheels
07_9_, Volcano
0k1tl, Pen
02pd0fx, Perfect World
02prftv, Kirby
05p4n6c, Plarail
020ys5, Condominium
025t6n0, Video camera
019brn, Dreadlocks
0ch58lj, Dragon Age
0h2c3, Ibiza
0d4v4, Window
01ly55, Dynasty Warriors
05f7df5, Battlefield: Bad Company 2
0fgjvt, Portal
01115tfp, NBA 2K15
01h4t2, Tails
0161qz, The Legend of Zelda: Ocarina of Time
01rmm7, Laser lighting display
027j3vt, Pirates of the Caribbean
021w6f, Tile
07zvq, V8 engine
03p66g, Crossover
03nfmq, Architecture
07xyvk, Coffeemaker
02hj4, Dolphin
01llwg, Necklace
046d80l, MINI
0j63n06, WWE '13
0g53cct, Lamborghini Aventador
07nvf, Tarot
022pgh, Electric locomotive
0jjc, Aikido
07m2y, Tuba
0ph39, Canoe
01r071, Fender Telecaster
0km3f, Labrador Retriever
05zpvls, Carp fishing
0q593, Dietary supplement
01nz0z, Bar
0284w, Desert
0dccjy, Lightning McQueen
08yjg0, Need for Speed: Most Wanted
09xp2, Sailor Moon
0bp_wy, Oil
025rs2z, Gold
025dp, Captain America
04qvtq, Police car
09qck, Banana
07s84qp, Tanki Online
05rd2s, Street racing
0mjqn, Pie
060d2, President of the United States
015l7, Beadwork
0dm00, Sketch comedy
0m95s, Lace
02pjr4, Blender
0174n1, Glove
03gzqq, Golf club
06ngk, Star
066858v, iPhone 3GS
029tx, Dinosaur
0h5xl4x, Kia
032wfk, Road racing
09dh0, Seed
0b0myd, Radio-controlled boat
01xs30, Personal water craft
0clpml, James Bond
0hwf, Alphabet
07bgp, Sheep
04zlcx, French braid
03gv5h, Forage harvester
01w_gm, Plaster
0f9qdc, CDJ
01q5hj, Halo: Combat Evolved
027gfj, Ragnarok Online
02q9ddz, Eyelash extensions
02jmwz, Honda CBR series
0h9627p, Ski-Doo
03cg49, Christmas lights
05_wxv, New Super Mario Bros
0cz1zj, Dean Winchester
065pg2, Tekken 6
03dd2l, Trunks
027qpg5, Ford Focus
010pnpg3, Battlefield Hardline
02ll1_, Lock
0ljc_, Cartoon Network
089d3z, Roland V-Drums
078jl, Snake
03kpnc, Glitter
0vxcbr5, NBA 2K14
015_x, Cue sports
0665cp, Love song
068zj, Pig
02kvytt, Thread
03qdtry, Portal 2
0h_cn_1, Samsung Galaxy S III
05h3dg2, Mortal Kombat
0jyfg, Glasses
01hhxw, Pokémon Ruby and Sapphire
044yrn, RollerCoaster Tycoon 3
09y2k2, Italian food
02_pk7, Military parade
01yvs, Coca-Cola
07hjh, Tyrannosaurus
09l0j_, Ring
025h5s, The Lord of the Rings
0fly7, Jeans
0xnnv15, Rainbow Loom
057gn, Minivan
01k3tq, Bulldog
01nrwb, Pikachu
06lp84, Resident Evil 5
026bm66, Pull-up
07l5g, Turbine
06m_p, Sun
014j1m, Apple
0bwd_0j, Elephant
04rd7, Mural
04gl3z5, Dragon Nest
042ck, Japanese Cuisine
026w8x, Fullmetal Alchemist
06psh, Škoda Auto
0j_5wc8, Watch Dogs
0406m4_, Naruto: Ultimate Ninja Storm
0h1gqk6, Ultimate Marvel vs. Capcom 3
03ylns, Baby carriage
04_tb, Map
0lyf_, Greenhouse
0dq6p, VHS
07030, Sushi
03jqf3, Chevrolet Silverado
0d1n09, Super Mario Galaxy
0glqc_l, Transformice
0184rb, Pond
03nzg, Home run
03thkf, The Doctor
0cl19h, Ariel
06msq, Sculpture
01tqs1, Biscuit
06nw33, Wangan Midnight
01tkqg, Bulldozer
0pk35, Lightsaber
0fbm_g, Slopestyle
05jh_c, Spa
0299nd, Toy train
018rl2, Airbus A380
0220r2, Fountain
074l5, Shiva
080npq6, Ram Trucks
0768fx, Automotive lighting
03qmh, Honey
01t46s, Akuma
09t4t, Manufacturing
09g1w, Toilet
02zrvn, Demolition
05c0l45, Grand Theft Auto: The Lost and Damned
01dwwc, Pancake
06y5r, Sword
015zbk, Airbus A330
03ssj5, Bed
02wv_3y, World of Warcraft: Wrath of the Lich King
03fwl, Goat
0gfjk95, Samsung Galaxy S II
010pcp19, WWE 2K15
01cytr, Kia Motors
0hz4q, Breakfast
011_lb, Vespa
0by0jvx, Batman: Arkham City
027rsld, Kawasaki Ninja
070m9, Stock car racing
0d19zz, Assassin's Creed
03_mdw, Death Note
0k5mc, Minnie Mouse
07h9rl, rFactor
04p0xr, Pool
047ptj, Mitsubishi Lancer
020t4k, Stuffing
0r8kzgd, Samsung Galaxy S4
09g5h, Spacecraft
06yzz, Subaru Impreza WRX
0153_5, Microsoft Flight Simulator
0dwx7, Logo
0r8m0vk, Assassin's Creed IV: Black Flag
05zsy, Pumpkin
06m11, Rose
079dl7, Chocolate cake
07jxly, Majin Buu
05hmbl, Princess
08pbxl, Monkey
023ls, Cola
01xs3r, Jet Ski
05xnqg, Street food
01qh13, Toyota Land Cruiser
01tbrk, Lara Croft
06bzjv, Minibike
052sf, Mushroom
03mnql, Ford F-Series
0gh5gy, Animal Crossing
046vnp, Dump truck
04mvvl, Karaoke box
086mh, Winter
0fw68, Soap
025rgl, Plush
05gz5, National park
025shfx, Caporales
0490jd, Art exhibition
03lfs8, BMW 3 Series (E36)
03qr_q, Ferrari F430
01jrtz, Kirby
025s8bs, Shopping mall
03npkv0, Alliance of Valiant Arms
015dxd, Knuckles the Echidna
03bj1, Giant panda
01kb5b, Flashlight
040_98, The Elder Scrolls IV: Oblivion
01v2xz, Clothes dryer
04h8sr, Dumbbell
01mq7d, Cell
02pvw62, Bodyweight exercise
06jvx, Recorder
02gy5l, Pilates
01r546, Earrings
02h5w, Dance Dance Revolution
0j_4sm4, Injustice: Gods Among Us
01rt97, Sonic the Hedgehog
01jk5b, Prom
037qhc, Jumbotron
0dv9c, Racket
01kn22, Pipe band
0dm_mb, Pokémon Battle Revolution
03dj64, Black cat
02vmgp, K-1
03v28z, Audi R8
0chyh, Butter
02bp2r, Penalty kick
0kv83d3, WWE 2K14
025sf8x, Silver
019mbd, Antenna
0f5v7, Hello Kitty
01n32, City
01s5xt, Military band
02syy5, Volkswagen Gol
0q3yyx6, Samsung Galaxy Tab series
0dxnx, Smoking
02gq41, BIONICLE
023fm_, Acer Inc.
0gldg, Warcraft III: Reign of Chaos
0n3s_98, iPad Mini
01lb5, Chess
04nkpf, Paramotor
01twlh, Avengers
071qp, Squirrel
03knc5, Bugatti Veyron
03d3jcv, Kratos
027_y, Diamond
011bdjx8, Pokémon Emerald
0gl0447, Sonic Generations
02nxhr, Blu-ray disc
0j3v12q, Skylanders
09kxp, Wool
03nlf2w, Electric car
02h19r, Scarf
018220, Bull riding
0_1j0mp, Samsung Galaxy S5
04m9y, Lizard
04hyxm, Classroom
0qsc46_, The Witcher 3: Wild Hunt
01g0g, Brick
06hz0k, Football boot
0xmf42g, Pontiac
0dpm1v, Ball
0hy7s, Alarm device
080gm_t, TalesRunner
0v3gd37, Plants vs. Zombies 2: It's About Time
02hrx1, Inflatable boat
02qym_8, Gears of War 2
0fx9l, Microwave oven
01n4qj, Shirt
03fj2, Goldfish
04lgkkr, Zee Bangla
0cy27, Range Rover
064krrv, Kinect
07wg3, United States Navy
05fwb, Number
01sgwn, Logitech
02y5kn, Coach
01pfn_, Airbrush
01t032, Golden Retriever
03x_j12, Acrobatic gymnastics
01hzss, Water slide
0ddgzqw, Tekken Tag Tournament 2
0fj52s, Carrot
0dddv4b, Forza Motorsport 4
03dk1w, Balloon
03yx2p, Claw crane
04qx3c, Super Robot Wars
01p970, Tabla
01s105, Cabinetry
06dbhw, Fondant icing
028zs_, Plasticine
0q5js, Yo-yo
0p_9h, Inline skates
0h64rz3, Video lesson
01ng72, Metalworking
0kzzb, Yoshi
024y62, Mercedes-Benz C-Class
03zm9p, Yuna
0m8q5, Quilt
02mv6p, Magic Kingdom
03lfsn, BMW 3 Series (E46)
058nt, Marvel Universe
0bp_2p, Gown
03f_ln, Battlefield 2
03yhk, Ink
0c2m4, Draco Malfoy
026dd, Dune
016gvg, Station Wagon
0cntwb, Dungeon Fighter Online
02rfzq3, Haruhi Suzumiya
0n47jgg, Samsung Galaxy S series
09sdbh, Luxury yacht
0jk_mjx, Hitman
04cylb0, DC Universe Online
0kw94, Softball
0btp2, Traffic
05gg9s, The Legend of Zelda: Twilight Princess
0qjjc, Remote control
0328kl, Source Engine
03lfqt, BMW 3 Series (E30)
026ph7x, The Hobbit
03xvyz, Dodge Ram
0118kdjl, The Sims 4
0gvsjlz, WWE '12
0dwr4, Xylophone
01n5cy, Carpet
02rncz, Half-Life 2
09cws, Mars
0h61x, Cadillac
02rv033, Prince of Persia
0hr3kdx, LG Optimus series
05_5v5j, Persona
0dkbxs, Rayman
064ln09, Final Fantasy XIV
01kr58, Torero
0h5560h, Dragon Age: Inquisition
01jpn4, Grocery store
07dm6, Tiger
02p3csl, Spyro
05s_khw, Assassin's Creed II
0bhc5j9, Roxas
0dv3zf, Game Boy
05f6vgb, Need for Speed: World
0hnyx, Pastry
0hzn_2p, Call of Duty: Black Ops – Zombies
0l3ms, Balance beam
07hm9, The Sims
0dgr9, Magnet
02r5gpq, Chrysler
01pww0, Chevrolet Impala
022hnr, Volvo Cars
0r3vbqy, Harlem Shake (meme)
0bcj4x, Reborn doll
01tprb, Hula hoop
01_tv0, Honda Accord
0173tc, Chapel
023s_v, USB flash drive
0hsrd, Sailing ship
06fn44, Serve
012x34, Jaguar Cars
03whsdg, Mass Effect 2
0162j4, Rafting
01h6g_, Campsite
0gy7v, Guinea pig
0bx_jqg, Assassin's Creed: Brotherhood
027cfwk, Standup paddleboarding
0h545, Homer Simpson
083kv, Wire
0262y8x, Model railroad layout
0b6w2z, Buttercream
06zk0jm, Ferrari 458
0x44, Armour
04rmv, Mouse
06f41, Rowing
04dvgq, BMW M5
0kz2q04, Warframe
010lwj04, Far Cry 4
02k5x1, Rubber band
0gyv1hg, PlanetSide 2
020yd1, Medal
09zf31, Jeep Cherokee
07k8n3f, Pretty Cure
03d1gns, Monster Hunter Freedom Unite
02mg4z, Cheesecake
0c8lv, Lord Voldemort
01dh4v, Command &amp; Conquer
02czv8, Birthday cake
0gfk5, Pinball
046fv7, Jeep Grand Cherokee
0c4ykp, Belle
010vrf50, Pro Evolution Soccer 2015
06xxq1, Suzuki Jimny
06kk62, Custom car
02s4nd, Ford GT
02p3w7d, Roller skates
035x0w, Pump It Up
01fyrh, Downhill
030qmx, Audi A4
0371pr, Toyota Corolla
0dv_b, Final Fantasy VIII
02hv2rc, Test Drive
01r8w, Cave
02f9f_, Shower
0772h, Spaghetti
064ky81, New Super Mario Bros. Wii
02cv4w, Garbage truck
027p04m, Kidō Senshi Gundam: Senjō no Kizuna
010vxlx3, Dragon Ball XenoVerse
01k695, Fisherman
06zd9hy, Heroes of Newerth
03c4j, Gemstone
06m724, Mime artist
06jsbh, Forehand
01r4c6, Lowrider
012tl7, Supercharger
0dr47, Wild boar
03vt_9, Stick figure
0c3xkj9, Rock Band 3
0v4gvn3, ArcheAge
04nnxg, Helmet camera
080pdf, Kettlebell
0fq5zfq, Ezio Auditore da Firenze
02f6d7, Ford Fiesta
04hq69, Multi Theft Auto
0htp, Astronaut
0dffp, Router
0dnnl, Bowling (cricket)
05z87, Plastic
0h5wtp0, Acura
01jfkf, Forklift
02mwm5, Police dog
01bb9b, Motorcycle helmet
02r0h97, Dissidia Final Fantasy
0464gkc, Guitar Hero World Tour
0290t8, Dog agility
096x1p, Porsche 911 GT3
02wxdqt, Rage
01qp5w, Volkswagen Jetta
0pwdp, Border Collie
010rs1_r, Assassin's Creed Unity
07f533, Nike Air Max
05kms, Oboe
0br_nfc, Marvel vs. Capcom 3: Fate of Two Worlds
05j62p, Fire station
01frm, Bugatti
0c06p, Candle
02gln, Donald Duck
09k_b, Lemon
01pmdg, Electric vehicle
0vxd_33, Titanfall
0fpk226, Seafight
09ld4, Frog
090f96, Kick
01x5q, Ceramic
0dvvc, Desktop computer
0142vg, Sled
04d_1p2, WWE action figures
05g9g_, Spore
0cc6dzr, Saints Row: The Third
03gvt, Hammond organ
0k0r29t, DayZ
043wfx, Woodturning
0278h6t, Cabal Online
03tw93, Fireplace
02xjw0, Trainz
03ryg4, Audi Quattro
0369bv, Snow blower
09j06, Hot air balloon
01wh_8, Cherry blossom
03xr42, Shelby Mustang
09csl, Eagle
02jfdl, Coupon
05j5y8, Fly tying
02dl1y, Hat
067gn1, Sport bike
013_1c, Statue
0fwy6j, Fishing tackle
01jshl, Easter egg
02k51s, Ken Masters
017dmf, Nissan Skyline GT-R
02bp6, Doraemon
02h661t, Dentist
084rw, Wing Chun
0khhs, Chihuahua
06mfp, Rooster
064rb9b, Crysis 2
0xsc, Aircraft carrier
09gms, Ramen
026_x9, Ponytail
01xw9, Chinese food
0dlbh, The Pink Panther
0gs0nr, The Witcher
01ww8y, Snack
06lcm4, Live for Speed
044fq, Joystick
0bwgqz6, LittleBigPlanet 2
0g_w, Academy Awards
02_vjy, Wallet
0j_66, Madison Square Garden
03llrw, Land Rover Defender
063md, Phonograph
023l12, Final Fantasy X-2
0dwc_, Half-Life
0bkywv, Ouran High School Host Club
031x8g, Epiphone
0118wtzb, Porsche Carrera
0f0w2, GameCube
09kmb, Spider
04rtb3, Mu Online
01dnws, Bouzouki
0jy4k, Doughnut
03qyv, Hummer
0dkxpg, Sam Winchester
055z7, Mattel
03m5m5w, Battlefield Heroes
0cj45, Tuna
01s370, Fire Emblem
014y4n, Paddle
077xh8, Marvel Legends
07jx7, Triangle
041kzs, Biceps curl
017cc, Brain
0119mf7q, Mario Kart 8
04jq4xw, Black Butler
07qn8g, Culinary art
02sz9d, Second Life
01p9z0, Wood carving
0462dj1, Jubeat
03clgym, Hair straightening
033xrl, Raven
0cyhj_, Orange
040b_t, Refrigerator
0dj75, Onion
01w_p7, Drywall
03bxnw4, Hellsing
04gqlmf, Batman: Arkham Asylum
03hjvnl, Inazuma Eleven
04bmk, Killer whale
0p72t, Elmo
07s82s4, Pit bike
0j9q859, Hatsune Miku: Project DIVA F
04g07, Koi
0w_gj2_, iPhone 5c
0jtt9, Chili pepper
0cc828h, Animal Crossing: New Leaf
0gj9wjc, Rocksmith
0h3n4wc, Path of Exile
03hkxd2, SD Gundam Capsule Fighter
012x6l, Laundry
03zqnr, Duel Masters Trading Card Game
09515x, Soft tennis
01s77c, Ribbon
016bn0, Omelette
09v1137, Sword Art Online
04x0p8, Toyota Hilux
04mcry, Model building
02r4l76, Perfect World
0ccs93, Domestic canary
09k7fwq, Gothic
0g5rv45, Lego Ninjago
03rby, Hail
025tydm, Ratchet &amp; Clank
01sxbg, The Phantom of the Opera
0226ny, Pontiac Firebird
03lnt, Hang gliding
01sjq0, Playmobil
0kvfcdk, Aikatsu!
026smn, Airport terminal
04vv5k, Snowplow
0n28_, Crab
0h2knm, Skate
0gmg6lv, Assassin's Creed: Revelations
01vk_m, Espresso machine
064nv1v, Super Mario Galaxy 2
02rjqfl, United States Air Force
02mjpr, BMW 5 Series
0wdxf8j, The Idolmaster
07mhn, Trousers
07clx, Tea
027kj12, Red Dead Redemption
03y8m_n, Sonic World Adventure
0d1k7_, Need for Speed: Carbon
0136lk, Corel
01rk30, Dr. Eggman
0crf4xx, Projector
02y74, Field hockey
01s43s, Infomercial
0dcvnz, Honda CB600F
074d1, Submarine
0bp6j, Screen printing
0by1jyj, CNET
0gy1dy6, Realm of the Mad God
0cx45, Temple
01d7jb, Sonic Adventure
01bvgh, Catamaran
06xjy_, Ford Escort
0f23r5, Flamenco guitar
01bw2t, Lamborghini Murciélago
029kc1, Beatmania IIDX
04ylt, Missile
06w87, Steel guitar
0d3s4, Carburetor
0fnrbc, Solar panel
0b2lm5, Crysis
016btq, Vineyard
01cbzq, Rock
0388q, Grape
02_ltq, Otis Elevator Company
0hn9j18, Red Dead
067nv, Preacher
02crq1, Couch
03cm3, Gallon
0299zk, StepMania
03mf9x, Warhammer Fantasy Battle
03w7hp, Ice rink
099gjt, Yamaha YZF-R6
01c72t, Composer
01c08f, Rock dove
09702, Cappuccino
02mtw0, Mehndi
02wvb9t, Domestic pigeon
0xwj, Atari
03kwkn, Big wave surfing
0bh_4v, Waterfowl hunting
09696, Wheat
03154, Fungus
06g1w2, Pattern
0gjxqj, Bangs
01ypbj, Chevrolet Chevelle
02z3m5, Tokyo Mew Mew
05d0d9, Balloon modelling
01nfrr, Vending machine
0h2t9w, Telescope
020sqh, Opel Astra
01phdl, Wind power
02zkn_, Log cabin
01w4c9, Djembe
09gfhvy, Skate 3
081rb, Writing
0g2zmg, Saddle
06w_bp, Flyff
0710fh, Marinera
016367, The Legend of Zelda: Majora's Mask
02pw_2m, LittleBigPlanet
027xhm0, Wood flooring
01yz9d, Digital video recorder
0bby41, Crazyracing Kartrider
08rqq5, Wedding photography
06qrr, Soft drink
0cpk7, Incandescent light bulb
05msttc, Mercedes-Benz SLS AMG
01cbd, Cell
0m739, Nest
05qfvt, Devil May Cry 4
0g9vs81, Steamed rice
08_w9r, Child safety seat
0dnkv, Supermarket
01b7b, Bishop
017ftj, Sunglasses
01tcjp, Muffin
024d2, Calculator
0hn8p41, Toyota 86
01nw62, Rottweiler
02fj9, Destroyer
0blvz, Buick
0jt2y_q, The Elder Scrolls Online
0fl8ng, Kyle Kingson
03120, Flag
0228q, Commodore 64
019ww6, Harness racing
019xd, Battleship
03lftc, BMW 3 Series (E90)
03182j, Honda S2000
0267l4m, Peter Pan
01j7cq, Sensor
0cl4p, Hedgehog
0kzzv, Princess Peach
064hlh, Bumblebee
04rqb1, Need for Speed: Underground 2
03wtdq, Nissan Silvia
080cr, V6 engine
01jtn, Body piercing
01pz3b, New York City Subway
057bnd, Logic Pro
0c8rdb, Higurashi When They Cry
02_7fj, Cajón
03r8dh, Greeting card
05cq00, Metal Gear Solid 4: Guns of the Patriots
0d090l, TV4
03m9mv, Fifth Generation Nissan Z-car (Z33)
0j674jh, Forza Horizon
02kcj6, Collie
03hl5pv, MacBook Air
03zfbx, Dragon Age: Origins
0ktmkks, Smite
023zh4, Erhu
02rm6xl, Total Drama Island
01www, Compact disc
02vmy_, Campervan
01rkbr, Necktie
01xc8d, Rope
0cqrj, Catfish
0h5_4p3, McLaren
02pbtnn, Sangokushi Taisen
0c3tr98, Need for Speed: Hot Pursuit
02r0zt, White-tailed deer
0mbxw, iMac
024y9s, Mercedes-Benz S-Class
0f1tz, Calligraphy
06lpsr, Toy balloon
01lynh, Stairs
026653, Final Fantasy XI
0nbn18z, BlazBlue
01j35l, Beatmania
02gss8, Black belt
02ckk, Doom
0lqg9b2, Samsung Galaxy Note II
02wv6th, Bakery
015yd7, Union Pacific Railroad
01v1hk, Image scanner
030b_2, Dodge Challenger
07gl9, Tetris
016rh7, Spinach
080t7, Valve
0gl4gn, Fender Custom Shop
01b7zv, Pudding
07068, Samurai
0hn87_7, The Last of Us
0dgc3t, Automobile repair shop
0314n, Full moon
029hq2, Dōjinshi
0v0hpxr, Space Shuttle
0pg52, Taxicab
01540, Biology
02sf_r, Point guard
01qsmc, Arabian horse
0j72pxm, GMC
016wkx, Pug
0633h, Polar bear
02kfwr, Poodle
02gnqc, Backhoe
08l44y, Garage
02rsbb, Sephiroth
0zm_2_r, Rust
0648c_, 18 Wheels of Steel
01nr56, Latte
01ttbz, Cockatiel
04y1z3, Crisis Core: Final Fantasy VII
0j_2_6r, Primary school
0jnxw, Stew
0319l, French horn
01ntw3, Human hair color
03v3yw, Key
01sjty, Honda Integra
0h0993, Rappelz
03x5tj, GameSpot
0d5gx, Castle
01xf5, Clutch
02yvhj, School bus
05ngn6, Zero
0cc6rng, Irish dance
03b4h6, Hunter × Hunter
07qsvx, Siamese fighting fish
01ss0, Compost
03x2yd, Scorpion
0l3gs, Two-stroke engine
05x1_j, Resident Evil
05myk1w, Killzone
0j9pd31, Crysis 3
014jq0, Analog synthesizer
051zk, Mexican food
05s0c, Poultry
03c2kf1, Kingdom Hearts Birth by Sleep
0cb3n, Hogwarts School of Witchcraft and Wizardry
03nwxr_, Bobber
0h0xm, Bacon
04y5jvz, Test Drive Unlimited 2
02ctm1, Mercedes-Benz E-Class
025wj_, Pokémon Red and Blue
01qdz4, Cloud Strife
0c1jl_, PlayStation Network
048v3q, Paper plane
02fj27, Bob cut
03d068f, Amazon Kindle
01h_1n, Playground
04f44c, Foal
0371q5, Toyota Camry
0n5whqs, Infestation: Survivor Stories
07crc, Taco
0b__qsp, Mobile Suit Gundam: Extreme Vs.
015x4r, Cucumber
01vx5, Chemical reaction
0j685wq, Bugatti
0b3fp9, Countertop
01k17j, Milkshake
0kdzn, Sausage
038lzr, Predator
05kq4, Ocean
03cdts5, Monster Hunter Tri
0199b0, Safari
03vd46, Herd
07xy0j, Sharpening
028tv0, Lead guitar
05mzkx7, Xbox 360 Controller
0kyvw1z, Subway Surfers
03tnww, Lip balm
04kbwy, Vans
09d5_, Owl
0crlh, Bungee jumping
036zwh, Autobot
0dbvp, Goose
0gr0f2, Tony Hawk's
099d1w, Honda CBR600RR
02rdtc, Ganon
02x94h, Trophy
02qj9kl, Niko Bellic
010rcmlt, Forza Horizon 2
01vk9q, Track
07gf4z, Mabinogi
029l86, Las Vegas Strip
09dv7, Soil
049bxn, Suzuki Hayabusa
0knkq2w, Oculus Rift
01lk9, Christ
0bwkfd1, Dragon Ball: Raging Blast 2
02914c, Mario Party
0hgr6, Denim
01g0wd, Power supply
0kpqd, Watermelon
02rbkzh, Two-wheel tractor
0cc70vq, Angry Birds
0pctvvy, Final Fantasy XIV: A Realm Reborn
0h5wtfh, Aston Martin
02n2b3, Audi A6
02qyf34, God of War III
03sjs0, Rainbow trout
0537v, Mazda MX-5
04f4bc6, Halo 3: ODST
06y_bg, Hindu temple
01vbj5, Carnival Cruise Lines
048vr, Korean food
07bx9l, Test Drive Unlimited
047lggt, Boeing 737 Next Generation
082kw, Winnie-the-Pooh
06x4c, Sugar
02pp67m, Nostale
0191_7, Retail
01dlrc, Rurouni Kenshin
022k23, Diesel locomotive
0kmg4, Teddy bear
07605, Dreamcast
06zmb_p, Yamaha Aerox
0gh90yr, Asphalt
0dgqyvh, Fantage
01ynw, Cement
033hlf, Nissan 240SX
0k3m14m, Slender: The Eight Pages
07k9r_0, RailWorks
04ggyjg, Volkswagen Golf Mk6
03nclr, Dental braces
0w61v0r, Floyd Mayweather; Jr. vs. Manny Pacquiao
03k99c, Tom and Jerry
044r5d, Golf ball
046glt, Electrical wiring
0w1f18n, Makeup brush
02p68qb, Bowhunting
0ch55xm, Inazuma Eleven
0176mf, Belt
0cdk2, Eggplant
030n4l, Ace Combat
0vvw, Amiga
063rgb, Mixer
0kh8w, Canyon
03g8mr, Baseball bat
026f6fx, Venom
09jc2n, Back
038_hy, City-building game
0wy4_ns, Rocksmith 2014
0c29q, Leopard
03s7vj, Champion
01bq4, Boeing 767
0kymh, Super Mario Bros. 3
0316ky, Touchscreen
08qp6z, HP Pavilion
01m3tw, Animal shelter
032qz3, Guilty Gear
011_65, Emirates
04xwlr, G-Shock
016qk5, Lotus Cars
0311jl, Gamepad
07wh1, United States Army
03dg8j, Mattress
011z0z, Dojo
02cw4, Diablo II
0djtd, Coconut
01_x9, Campus
01mwvh, Piccolo
01kgp6, Winter storm
0dxjn, Deep frying
03987v, Lexus IS
0d8926, ABS-CBN News and Current Affairs
02xd4b, Audi A3
01pwdc, Carousel
035sch, Sub-Zero
01j8j2, Street Fighter II: The World Warrior
038wt3, French Bulldog
08x5y4, Prince
031r7_, Dollhouse
01bqgn, Bicycle frame
02qwff, String trimmer
02jmkl, Ninja Gaiden
035b9s, Driver
0fp6w, Pineapple
027n9h, BMX racing
0cghn, McDonnell Douglas F/A-18 Hornet
025tng2, Opel Corsa
0j30q9x, iPad 3
04h4qw, Garmon
0x6r, Angel
025tnyc, Lumber
06z68, Synchronized swimming
03kd6v, Tales of Symphonia
01btfg, Flash
0642w22, Intermodal container
0393pz, Horse show
02qbp7r, Filter
020wcz, Mountain pass
01sp1f, Boeing 787 Dreamliner
03xrk8, Fixed-gear bicycle
0ddcdfz, Phantasy Star Online 2
06y6bw, Katara
0cyf8, Butterfly
099ghf, Stardoll
03vcjy, Ford Ranger
03rszm, Curtain
02p6k8p, Flower bouquet
0lnyz, Gravy
0bhc2x7, Monster Hunter Portable 3rd
09v26d8, Just Dance
02pnv6, Audi TT
05dlfn, D.Gray-man
06rc__, Neji Hyuga
04btp6, Toontown Online
03ldnb, Ceiling fan
01sxnm, Infiniti
0665t, Piston
017ssg, Boiler
0673js, Age of Empires
02wv746, Kitchen stove
0bykn, Duct tape
0ds2vd6, Inline skating
0b48hv, Rainbow
014kdf, Megatron
06gjp9, Floral design
0hhssjq, E-reader
05f8rhy, Need for Speed: Shift
02rr3c, Renault Mégane
041g02, Kawasaki Ninja 250R
02y6n, French fries
03llnq, Land Rover Discovery
03nxtz, Cottage
0kc6x, ESPN
0swnpd0, Batman: Arkham Origins
0l156b, Steelpan
02q69n_, SimCity
0134l, Autumn
01hr6f, Rubber stamp
0h6400t, Monster Hunter 4
07740x, Bully
025sz5g, The King of Fighters 2002
019ktg, Dodge Viper
01fvmk, Space Marines
057jmp, BioShock
0118gzc8, Samsung Galaxy Note 3
0jt_x, Pac-Man
0cc8kq4, iPhone 3G
010lsm5p, Halo 5: Guardians
03q13l, Deck
095kf8, Chevrolet Opala
09_9n, Ski jumping
0cfkj, Monastery
02cj3, Dachshund
088lm, Yeast
02pwryg, LED lamp
03sq1b, Clone trooper
0bnfg8, Reborn!
02318, Electromagnetic coil
0j29nv_, Madden NFL 13
02vkbgs, Ōendan
0vpvzzc, Dying Light
0gx11xj, Naruto Shippuden: Ultimate Ninja Storm Generations
03d0_rk, Acer Aspire
04cysl, PRS Guitars
09gg35f, Dragon Ball: Raging Blast
05mh5xj, Minato Namikaze
04wyr, Modem
09_0g6, Rock fishing
01bf8r, The Legend of Zelda: The Wind Waker
0hkf, Agriculture
01x5g2, Jack Sparrow
01786t, Tricycle
01dj7, Beagle
044cv8, Big Boss
02jf59, Chun-Li
0lqgcgj, Metal Gear Solid V: The Phantom Pain
06dl2f, Ninja ZX-6R
0dl8m, Dam
057xq8t, BMW R1200GS
03qctmf, Flip Video
010qs3m9, LG G3
08127, Vodka
0gwznvc, Street Fighter III: 3rd Strike
0vzts9z, Trials
03wmrv, Clannad
05zy1sd, India TV
087nk, X-Men
01ltc2, Plymouth
0kz2x1z, Heroes of the Storm
04f3kt, JBL
029g5, Dominoes
07kdf9w, Riot Games
075_p, Sega Saturn
01fp9, Bean
0543v3, The Lord of the Rings Online
04tp91, Tom Clancy's Ghost Recon
079cl, Skyscraper
02nbhwj, Wolfenstein
0l070n, Gibson Les Paul Custom
04bnt6, Mega Man Battle Network
09v5sg4, The Legend of Zelda: Skyward Sword
02kzxb, Spray painting
08bsc7, Metal Slug
0cl63, Hay
01y3lh, Doom II: Hell on Earth
0170gz, Nativity scene
02jwtj, Fried rice
01hrv5, Popcorn
04gg9ys, Juicing
0dr1c2, Vampire Knight
02r4ny, Mitsubishi Eclipse
06bw0b, Mitsubishi Pajero
06qqb, Steel
026b67x, Hang
02w6jk, Sponge cake
019y26, Multifunction printer
01x5j8, Crêpe
09b5b, Fertilizer
02z04ty, Sugar paste
0cpxrw, Grand Theft Auto: Vice City Stories
0dvzc, Final Fantasy VI
03jqjv, Chevrolet C/K
0_s48xy, Olaf
01jp76, Parking
0265t0k, Power supply unit
03mt9v, Guzheng
0z8g0p2, Moto G
07bh27, Pokémon Mystery Dungeon
02kwcj, Fist of the North Star
0cl6l, Straw
03wfzdl, Ferb Fletcher
03scnj, Line
0ch_cy, Cooler Master
011_k4, Lock picking
01s5v5, Honda CR-X
04gjjj9, Medal game
06rkl, Sherlock Holmes
0114dt3x, Geometry Dash
03gq1, Herb
027rnt, Daytona International Speedway
0bzzd0, God of War II
05245r, Devil May Cry 3: Dante's Awakening
0m5dp, Paper Mario
05rr0j, Chocolate chip
0321b4, Bane
0299k9, Street Fighter III: New Generation
04169hn, Wood-burning stove
02vjtz, Malinois
01ysmz, Toyota Prius
03tb1, IKEA
018p4k, Cart
0425lm, Mazda3
0vpsd3h, Television presenter
05q4f8, Kawasaki Ninja ZX-10R
01rd7k, Wild turkey
0cv5hl, 2001 GSX-R1000
02fcct, Clay animation
064dv4, Sheriff Woody
01dc0w, Contortion
0fzn_5, Frets on Fire
03x3bw, Sewing needle
0622gs, Garden railway
0381gs, Slot car
0vpn50f, Forza Motorsport 5
09rwx_l, Naruto Shippuden: Ultimate Ninja Storm 2
027pcv, Zucchini
0b9c0, Gel
024gsm, Chevrolet Caprice
01t_yc, Dormitory
01p0q6, Tsubasa: Reservoir Chronicle
03wlw06, Volkswagen R32
01dx8, Bald eagle
07lrp, Tomato sauce
09vy3t, Lush
0cn1d, Puff pastry
04k6k6, Albert Wesker
0j0j_, GAZ
03bdrd, Fisheye lens
02wmf, Flying disc
0jlt5, Goofy
0cz_0, Highway
0d4w1, Closet
0f6nr, Unicycle
03w997z, Volkswagen Golf Mk2
02hrlh, Electric violin
01_xs, Crossbow
01960s, Deadpool
03bw_v4, Firewood
04146jk, BMW S1000RR
0k0p036, Nexus 7
02sg06, Aerosol spray
06qf1q, Škoda Octavia
06lqkg, Flair bartending
01lc9r, Hard Rock Cafe
04kw64, TrackMania
01vgft, Gummy bear
04h8h, Library
0794wr, Phantasy Star
05pnb1, Loki
04cnwn, Tow truck
0gmgcww, Need for Speed: The Run
01z85, Cheerleading
02bkg, Diving
0bh7bqw, Dirt 3
06pq2r, Doberman Pinscher
0396p, Gorilla
03b19x, Digital painting
031sbn, VTEC
01645p, Avocado
01llgk, Boxer
03jq6z, Chevrolet S-10
04zzyhc, Uncharted 2: Among Thieves
0mgkg, Amazon.com; Inc.
0jkww, Manure
014083, Donkey Kong Country
0w7p7d5, LG G2
0_k2, Ant
01lr3v, Villain
04229, Jet engine
02hlnc, Chocolate brownie
040zqs, Percy
03q5t, Harpsichord
091dhl, Orochimaru
0vztflg, The Crew
0x11hn5, Kantai Collection
02k84w, Pedal steel guitar
016rbg, Melon
0b_zf, Plumbing
01hf_2, Ape
064r89y, WWE SmackDown vs. Raw 2010
0pk_9_f, Lego Marvel Super Heroes
013q4y, Cheeseburger
06lk1, Rat
01hcps, Lamb and mutton
0521wnb, Quadracycle
01y59, Chrono Trigger
01qfcj, Peanut butter
0107z82l, Borderlands: The Pre-Sequel!
0g9sv_q, Final Fantasy XIII-2
0k9ts, Delta Air Lines
01wtvw, Camcorder
064f0f, Grand Theft Auto: Liberty City Stories
01srj, Comet
02p0t5f, Robotics
03q2bd, Mufasa
03hm80, Firefighting
02h4n6, Zangief
066xq, Pollution
0fbw6, Cabbage
0kcc7, Movie theater
05zpf7g, Duke Nukem
02zr8, Forest
03c3hc_, Dead Space
04n3cpc, Nintendo DSi
02npn, Eclipse
02fbz6, Marker pen
09f_2, Crocodile
05b10f9, Star Wars Battlefront
025s3q0, Landscape
02c3sn, Low-carbohydrate diet
020fb2, Coffeehouse
01jy9k, Humbucker
053yw9, Gran Turismo 4
054_l, Mirror
0cp0788, BioShock Infinite
069jjt, Star Wars: Battlefront II
03fn2, Guppy
0dqc4, Caridean Shrimp
011q6nwy, Brave Frontier
03bkkv, Harry Potter and the Deathly Hallows
03sdtk, Chevrolet Tahoe
027j55, Catwoman
060jx, Pan flute
03fxjv, Iori Yagami
01c5jp, GoldenEye 007
013sr7, Boeing 757
03w9978, Volkswagen Golf Mk4
010xfc7q, Halo: The Master Chief Collection
05wy2, Gasoline
06dqt, Royal Air Force
06mk92, Aston Martin V8 Vantage (2005)
0fldg, Mango
022n8y, Kebab
01cyvl, Crusher
06mjkr, Mega Man X
08pxyt, Sonic the Hedgehog 2
06mr9c, Trunk
09gtmj, Chevrolet Corvette (C6)
02r23yw, Saints Row 2
0bh9vdp, Mount &amp; Blade: Warband
09977, Scooby-Doo
0w7pg_4, Hatsune Miku: Project DIVA F 2nd
08s_k4, Forever 21
01vh7t, Christian Church
04cw2jn, The Embodiment of Scarlet Devil
053wzw, Kennel
06lpz, Roulette
0fqfqc, Drawer
03lfvh, BMW 5 Series (E39)
05dsx9, Shadow the Hedgehog
01cywb, Chuck E. Cheese's
02p8n9v, Toyota Land Cruiser Prado
01krjr, Pendant
01s7fj, Shih Tzu
05h0h0, Bull Terrier
04k9pm, Moisturizer
02y8z, Fencing
0jmpt, Canvas
0cmwh7, Lucky Star
05py0, Octopus
02g0gt, Fiat 126
02hr7g, SEAT León
03c_t7, Dead or Alive
09ghsb9, The Witcher 2: Assassins of Kings
0hglwfq, Multirotor
02vkh6l, Metal Gear Online
0gc80, Engraving
04wkvh, Landscape painting
0337b, McDonnell Douglas F-15 Eagle
02bxd, Didgeridoo
01tmgs, Haunted house
09rv422, Allods Online
028w0k, Sonic &amp; Knuckles
05k90v, Mambo
01px4b, Fried chicken
07xxp9, Sonic the Hedgehog
02qn0_1, Killer Instinct
025wph, Honda Fit
0306r, Fox
08cmr6, Virtua Fighter 5
0dwt5, Vibraphone
03w996y, Volkswagen Golf Mk5
0qsb65z, Skylanders: Swap Force
03vc65, Buffet
0_ydz_3, HTC One (M8)
0k5sl, Chocolate chip cookie
02hcw1, Floristry
06dndd, Mount &amp; Blade
043p4rj, Yamaha Raptor 700R
0j4r5, Abarth
01ms2c, Gotenks
02vrrh, Molding
0548ph, Rat rod
01bzmc, Meatball
0d13h, Walleye
0160y_, Ken
01xyhv, Suit
01l_j4, Mazda RX-8
0d0pt6, European perch
0h74gv_, Ford F-350
03rjym, DualShock
0dy2sv, Canon PowerShot
0152hh, Snowman
0158y_, Felt
0841v, Walmart
06wwc, Satellite
0149qc, Hair removal
0130jx, Sink
07s6nbt, Text
03l0hm, Chevrolet Big-Block engine
02rbcf5, Sly Cooper
01lcw4, Limousine
02zn3, Forge
03cl2yj, Dead Island
0421h8, Suzuki Swift
02q13x7, Fishing vessel
01b9xk, Hot dog
065ls, North American P-51 Mustang
0k8v5fv, DatPiff
0fylw, Stormtrooper
0bmk3c2, Happy Farm
01h3vf, Sonic Heroes
0852z, Werewolf
017752, Toyota Celica
01qzyz, Twelve-string guitar
02vpb78, Mirror's Edge
01bqvp, Sky
05f4rz3, Log splitter
027r9lh, Crash Bandicoot
01gb24, Bearing
03q2b, Ham
017z0v, Toast
0csby, Cloud
03pbw8, Sprite
0jwymmq, Epic Rap Battles of History
0kg33ng, Gears of War: Judgment
0jyfz, Contact lens
03mm_r, Hummer H2
0bh8jth, BMW 1 Series
0c3z9qn, Koi pond
014wp5, Mewtwo
019b80, Sweater
02ywfg, BMW 7 Series
0k0tnvj, Microsoft Surface
02whwn, Alien
066sg, Potato chip
0hg6h, Compact Cassette
04grkxb, Intel Core i7
039bz5, Stargate
0136w_, Super Mario Sunshine
02s16q, Armored Core
02wlkw, Metal Gear Solid 3: Snake Eater
0kynh0j, Loadout
02hdzl, Crayon Shin-chan
0fz3xv, Bloom
0k5v2, Character
028rrn, Tom Clancy's Rainbow Six
01c3q, Bassoon
09qw8, Bamboo
016f9d, Cowboy
0vxcbp2, NHL 14
01zfgj, Sawmill
0p9bj, Avon Products
0syrt, Vox
01gt3p, Windows Media Video
0bt2m, Orc
05gz3q, Ratchet
0jtg0, Sitar
0h55s, Caramel
02_wm5, Rome: Total War
018vpr, Cliff
0vplsw8, Saints Row IV
07g75, The Hobbit
03_055, Cornrows
0jt59tb, Cockatoo
0j46v, Persian cat
03mcy1, Tifa Lockhart
02r6534, Midnight Club: Los Angeles
01n6fd, Shed
083mg, Walking
03w97lm, Light Yagami
0wysd88, LG G series
0vzsnsh, Killer Instinct
01nq26, Sock
0_gxrpv, Asus ZenFone
03xl58, Fate/stay night
015rvg, Wedding ring
031qnt, Indoor cycling
0385ph, Fiat Punto
03t22m, Soprano saxophone
01t_bx, Table saw
03w7y7, Baggage
0gtvxhq, Soulcalibur V
04gg6yd, Skate 2
02jz0l, Tap
07y5rg, Princess Jasmine
09l5c, Charizard
064q3v5, Metal Gear Rising: Revengeance
01x_v, Camel
01f1n4, Barista
0cc6qg7, Mario Kart 7
09k9fd, Animal Crossing: City Folk
0gd4fc, Battlefield: Bad Company
02c22r, Dogfight
011c62xn, Eren Yeager
0511_p, Audi S4
045zww, Guitar Center
0h3nf17, MX vs. ATV
0d9l1, Looney Tunes
032l42, Saab Automobile AB
01dl3j, Banknote
04v6l4, Frying pan
03c79, Gate
07t99m, iPod nano
0dvyx, Final Fantasy IV
02r7hh, Hitman: Absolution
0337j6, Mega Man Zero
02mrr1, Jak and Daxter
0401p4, Priston Tale
04wyxv, Belt drive
04tdh, Marble
0bwlch6, Robotic vacuum cleaner
02p2nn, Cream cheese
038jz, Glacier
01kv93, Staffordshire Bull Terrier
0d19pc, Final Fantasy XV
0l3r7gj, Chunichi Dragons Doala
03m6dq, Gashapon
01b2w5, Sunset
0dq75, Raccoon
05ctqp, Chicken coop
01n_q1, Peugeot 106
05plvb, F-Zero
01dg1c, Furby
0dmnj2, Rolls-Royce Limited
0by1dmg, Guitar Hero: Warriors of Rock
051_m67, Dragon Quest X: Mezameshi Itsutsu no Shuzoku Online
01s55n, Suitcase
04tr8s, PC game
01nrdl, Stencil
055rs7, Hand-to-hand combat
0b9k6q, Ribs
0731xb, Batter
0715p, Slingshot
030610, Treadmill
01bcv7, E-book
01409v, Donkey Kong Country 2: Diddy's Kong Quest
05bvcl, Exercise ball
086ch, Worms
02vr0ck, Naruto: Clash of Ninja
0jsp5, Mario Kart 64
02q8x4x, Mario &amp; Sonic at the Olympic Games
012rq8, Treasure
02p8qh, Patio
06dq9, Radar
038s0_, Water Filter
06w5wj9, Fight Night
01hq29, Humpback whale
081sq, White House
01205h, Ferret
0c2jj, Axe
02hxzv, Stable
0dglm, American black bear
01pxpp, Lupin III
03q7pgh, cardboard
0d1p5l, Wii Sports
01rwvb, Kamaz
0cw2t, Driver's license
0gwygtq, New Super Mario Bros. U
0py2c2p, Disney Infinity
010gng9z, BeamNG.drive
0h51hz9, Clank
03t7w0, Mini 4WD
0fphfgz, Shift 2: Unleashed
05fc7cw, Epiphone Les Paul
0c_d6y, Solar eclipse
0djyph, Fillet
01fpmd, Tugboat
01jfsr, Lantern
02pv7d1, Mii
01gqfm, Beach volleyball
0js2k, Green Lantern
0d7xyg, Ace Online
0f_c7s, Duct
017clw, Laboratory
020x6g, Mega Man 2
0jly1, Turkey
0b6kgp0, Hero Factory
03cth2, AdventureQuest
080mq6, Pressure washer
01rplj, Little Red Riding Hood
04mmm2, Citroën C4
04y9_, Microscope
0crlz, Water polo
06jq_m, Ford Mustang SVT Cobra
0282dzk, Need For Speed: ProStreet
06w200z, Kamen Rider Battle: Ganbaride
02pvbb, Mansion
0cqvw, Micropterus
0g71w, Disc brake
0bd418, Copic
0_86_3s, Tokyo Ghoul
04cw695, Forza Motorsport 3
0120dh, Sea turtle
052ly, Macaroni
09mgrk, Express train
0fl9gg, Thor
03fz3, Gelatin
0cz9b1p, Madden NFL 12
02zks, Fat
05pdk8c, Max Payne 3
0gkz3w0, Asus Eee Pad Transformer
0780p, Subaru Forester
02kz1p, Sinterklaas
0f1bg, Luke Skywalker
025jq8, Bomberman
08j3q3, Driver's education
012wds, Schutzhund
01mtbv, Winch
03zqj9, Barrel organ
051vk, Mousse
0cb0xm, Passenger
0133d8, Porsche Cayenne
064d7, Pepsi
01j4yx, Dragon boat
034c16, Pillow
0h7k5, Air France
0ky7b, Dishwasher
0hgfx, Printed circuit board
025_v, Cactus
0fghyr, Scar
0146nb, Super Smash Bros.
014_z9, Apple pie
0ptv6, Plectrum
01jmtg, ThinkPad
03fgf5, Mercedes-Benz SLK-Class
0366jw, Submission wrestling
0gff28c, Lalaloopsy
07n7lk, Car dealership
04dc47, Chevrolet Monte Carlo
026q9, Dungeons &amp; Dragons
01phsx, Tarantula
03f9m6, Bandsaw
01_9rv, Ys
033hvs, Chrysler 300
04kwhq, Christmas ornament
025rrh9, Zack Fair
0dbrl, Garlic
08b2pl, Charm bracelet
0m7lz, Charango
08kgr3, Scratchcard
0h_c8sk, Lego Friends
04xqx, Mahjong
03fnz, Gecko
01jt3m, Flush toilet
07ytt, Vatican City
03lfvx, BMW 5 Series (E60)
0ck82, Rosary
01ksq5, Welsh Corgi
011f5d5w, Unturned
03ttl, Indiana Jones
01xygc, Coat
02fd30, Fiat Uno
03_kqn, Elfen Lied
02gks8, Porsche Carrera GT
015wzt, Chart
05_8m, Pearl
01q1vz, Ford Crown Victoria
049lzn, Need for Speed: Underground
0lgk9, Marshmallow
05j9hq, Bajo sexto
01jyd4, Gibson SG
0lcjd, Yoshi's Island
03blgp, Filly
01nnqh, Foam
0pjsy, Radha
064lht, Coating
093q_5, Royal icing
0qf0c, Buffalo wing
04sz3t, Softail
018c_r, Starbucks
03ct3, Goth subculture
01bf_1, Oatmeal
026w47k, BMW X6
01vkl, Circle
016f4d, Porcelain
0869tl, Emergency vehicle lighting
034qgf, Black Widow
02cyl6, Maltese
0hkxq, Broccoli
04y7nx5, Resistance
02qfvx_, Baby Alive
0cp0zz4, StarCraft II: Heart of the Swarm
0386r1, Peugeot 206
02kh2h, Pembroke Welsh Corgi
02kk5s, Staples Center
0md09, Circular saw
027fq_5, Electronic circuit
03xbmk, Hose
02z1sh, Autocross
03d12, Greyhound
01wxjd, GMC
0j26l5r, Medal of Honor: Warfighter
01b2q6, Sunrise
0lbzq, Birth
09v7733, Bloons Tower Defense
0j_3yn3, Kemenche
01bfm9, Shorts
048j51, Fender Jazz Bass
0f8sw, Cherry
011k07, Tortoise
0ptsp, Halloween costume
03cx5h, Cammy
0lzyq, Rocket launch
06hf0n, Filipino food
02sp8w, Decoupage
0hncn_2, Alcatel One Touch
0n5v7g2, Star Citizen
0cd4d, Cheetah
011f413r, Multicooker
0cmb4qv, Black Rock Shooter
0100jcns, iPod Touch
026kkxk, Cold porcelain
01q8_b, Hammock
02jwcn, "Toys ""R"" Us"
01cnms, Lithium polymer battery
0_gzt9y, Flappy Bird
0bh90yg, Pump It Up Fiesta
016vv0, Notebook
03w9989, Volkswagen Golf Mk1
039jpz, Casserole
03h_zp, Gibson ES-335
04hpv1, Honda CR-V
036zsq, Macramé
0k2ls38, Total War: Rome II
0g59z2r, Battlefield Play4Free
07jjt, Track cycling
02vkqh8, Wardrobe
0wzpzz3, Sony Xperia Z1
0gy9p, Autogyro
041bg5, Mercedes-Benz Sprinter
0sgh53y, Selfie
071n1k, Devil Kings
0636k_, Alucard
06zmt66, Racing wheel
020x94, Opel Vectra
0m4l3, Amusement arcade
02cdhd, Megami Tensei
080bypb, Lightning
0pdnsrd, Sony Xperia Z
02mx4d, Raphael
0h5_5cr, Saab
06h972, Sander
01psvn, Canoeing
01z562, Basket
065p3q, Mega Man
0fqlj, Lettuce
0swkf, Ventriloquism
0f0q9, Village
01026w08, Boom Beach
0377c4, Tekken 5
01v3zp, Subaru Legacy
0dd6m, Inkjet printing
0cv9b, Texas Instruments
03kll, Hero
026545k, Elk
04d1p3, Shawl
04_160c, Colin McRae: Dirt 2
020594, Call of Duty
02lpp7, Gold medal
0cjq5, Lobster
016m2d, Skull
078qb0, Domestic pig
0b2qr3, Virtua Fighter
035tgr, Infinity Ward
0fhnl08, Applejack
011jng, Fiber
09zf3d, Jeep Cherokee (XJ)
02wvwt7, Funko
02j81, Eiffel Tower
034q68, Ultron
025vcqb, Halo Wars
05zp8, Palace
02sb4j, Blouse
0gz0jd, Apple TV
015vl0, Sabian
0h6cb, Bart Simpson
02jvh9, Mug
04bds9, Davul
02tsc9, Slow cooker
03541c, Starfire
051wbqj, Gummi candy
06wzv, Satan
018gh2, Team roping
09k5h2d, Sleeping Dogs
088pn, Zeus
0fs78y, Shin Megami Tensei: Persona 3
03sdcm, Donkey Kong
0cqg0t, Akita
0k65p, Hand
02rs9dw, Soulcalibur IV
02ppyww, Lelouch Lamperouge
05wgx5, Dip
0vpjss_, Need for Speed Rivals
02mx40, Leonardo
0ftbs, Blueberry
09rdns, Marvel vs. Capcom 2: New Age of Heroes
017ql, Bank
0gg7rmh, Metro: Last Light
01c4r0, Canning
05ybs6, Woodchipper
041tpy, Mazda6
0vllx, Barn
0d4yhw, Used car
0cvt8m, Capacitor
027hk9z, Volvo FH
01njq7, Alligator
063c7, Polo
09b6t, KFC
04xvs0, Laminate flooring
04pkrb, Toyota Tundra
09k5816, Spec Ops: The Line
0127_k, Spark plug
08hvz4, Colt
0gf37t, Single track
011jxn, Lasagne
06z37_, Picture frame
0z07, American Airlines
04y6cyr, Vegetable carving
01601q, Burger King
03t500, K'Nex
05tjd, Popeye
0fqtq, Chickpea
0420v5, Punching bag
02swz_, Compact car
0gzj40, Table football
011bfnhj, Seat
0gtcd, Custard
0ddg1nk, DmC: Devil May Cry
0l7xg, Gear
0hhq85v, Galaxy Nexus
0crjs, Convenience store
02n3c4, Ford Explorer
0gqbt, Shrub
04b5rz, Shikamaru Nara
064kwh, Kendama
04f76q7, Chevrolet Cruze
059h5_, Aloe vera
027wxlt, Rigs of Rods
0cnx0qq, MicroVolts
0ndjygb, Trouble in Terrorist Town
05gxt0, Sport stacking
01ddcs, Sand art and play
0_fp33n, Ressha Sentai ToQger
07s556k, McLaren 12C
0323sq, Golf cart
0d6dpw, Spinnerbait
03pf26, Batmobile
0j9m42s, Marvel: Avengers Alliance
0h65vcz, Kindle Fire
04lhyjr, Disgaea
07059, Switch
03bk1, Giraffe
084rd, Wok
053y69p, Steirische Harmonika
02zw41, Dungeon crawl
01dwsz, Waffle
0bwkxpx, Nokia N8
052fbc, Gas tungsten arc welding
0100pw7h, Android Wear
0d9_3, Larva
05xh2, Pyramid
0dmnb0, Friendship bracelet
01y_7, Coyote
0gysywq, Dishonored
04cr70g, Dragonica
0g03k, Goblin
041lfl, BMW M6
031n9j, Marble
078k8j, Pork ribs
0ch5ys1, Dragon Age II
027jf5, Oldsmobile Cutlass
010hmfwg, NHL 15
03klzl, Andalusian horse
0hr8, Asphalt
020jm, Beetle
04mmsn, Paper model
0gffz1r, Canon EOS 600D
0h55krg, WildStar
01kjbs, Stealth game
016bpr, Recumbent bicycle
0jvq, Asteroid
0b169, Cam
09gkg4m, Grand Theft Auto: Episodes From Liberty City
015qff, Traffic light
0b0m2, Hubble Space Telescope
03md6r, Aerith Gainsborough
03mh4t, Warhammer Online: Age of Reckoning
0fphzyb, Grand Tourer Injection
0178j3, DVD player
03dg8z, Cybertron
02p0_m0, Puppetry
026_br6, Burnout Paradise
03hl8h, Kyo Kusanagi
03j7xx, Truggy
02yvcd, Audi A8
0n_hztb, Don't Starve
03jmcg, Baby sling
03lwkz, Canon EF lens mount
054pq, Moose
039hnl, Lowlands
08l941, Garage door
03mhmn9, I Wanna Be the Guy
0fqqxjn, Digimon Masters
026pl4h, Electric motorcycles and scooters
0d1rc2, Super Paper Mario
020lv8, Ford Mondeo
065rw, Porsche Boxster
01bx0g, Lamborghini Diablo
05h8hz, God of War
09q84, Jupiter
0lbw4, Great Dane
01l00t, Wreath
0d7pp, Credit card
02w7c7, Ragdoll
09cx8, Finger
0j7k0l4, F1 2012
06hyy1, Meta Knight
05ft8q, Screencast
0m7gg, Cookie Monster
03706p, Mercedes-Benz G-Class
033vgp, Ghost Rider
01lnt7, Wallpaper
08gbqd, Gothic II
074qkg, Edward Elric
027d7y8, Yamaha YZ125
02qhf3, Volkswagen Touareg
02h_mt, Broth
01cdc5, V10 engine
04310t, Paper Mario: The Thousand-Year Door
044ccj, Star Wars: Battlefront
015dmz, Marlin
01td26, Edward Nygma
0fkjv, Sugarcane
015w7p, Cauliflower
06zmlf, World of Warcraft: The Burning Crusade
065h6l, Hot tub
02q7bch, Hyundai Genesis
0vprsw2, EA Sports UFC
064ldsd, Sonic &amp; Sega All-Stars Racing
064m8cr, Metal Gear Solid: Peace Walker
02pbw09, Touring motorcycle
063l_k, Kazuya Mishima
01jnld, Warrior
025skbf, Range Rover Sport
047ph68, Need for Speed: Undercover
030dhx, Toyota MR2
0bxg3l, GSX-R750
037_v, Grizzly bear
031b6r, Window blind
0198z, British Airways
01dcmw, Homing pigeon
0cb2r, Professor Albus Dumbledore
08z9dl, Ran Online
02rlncx, Plastic bottle
075127, Temari
0h98pgr, Serious Sam
030hgx, BVE Trainsim
03cgxdg, Pro Evolution Soccer 2009
04r5pk, Toyota 4Runner
0mfx0, Doodle
043mjw, Mario Kart DS
02pld, Elf
0g_tb, Yoda
0fqqzmj, Prototype 2
04vxfg, Pavement
0m09, Ale
03fzy, Gelatin dessert
07k4knb, GLaDOS
0hhq182, Samsung Galaxy Y
0csj6s, Stain
0_qjjjj, Sony Xperia Z2
0dwms, Alice's Adventures in Wonderland
022p83, Wedding cake
0vztckl, Super Mario 3D World
0j45r1z, SimCity
0c13s2, Split
03rt85, Resident Evil 2
02x_6w, Mobile home
01bgd_, Chutney
09v8dn6, Parrot AR.Drone
018gpn, Hurdling
02p68t, Volkswagen Type 2
057np, Masonry
01ntt3, Red hair
05zht0, Shadow of the Colossus
02tpgj, Metal Gear Solid 2: Sons of Liberty
0qznc_x, HTC One
066zkr, DigiTech
07k6c9, Cutlet
02616kf, Line Rider
03wdyfr, BioShock 2
03nlp1, Tag team
02tt7y, Ferrari 360
02gxqz, Hunting dog
0q55f, Master System
02vr79f, Fruit preserves
04y5l8b, Nissan 370Z
0wdr9t3, Nexus 7
036qwh, M. Bison
07_1j_, Travian
0gyv9, Soybean
01d8pr, H&amp;M
0j3fw65, Cake pop
07rjp, Flash
02q7qs6, Rover
0j24ylw, Skylanders: Giants
0m6qk, The Salvation Army
060c4, President
042x3v, Potter's wheel
011xdj, Meringue
01h6w7, Heroes of Might and Magic
0d9kl, Bugs Bunny
02y440, Vert ramp
01sy7, Coal
0912c9, Vehicle horn
034xzm, Risotto
02nzw0, Warehouse
039n4_, The Elder Scrolls III: Morrowind
01zh4t, Zoom lens
0343fy, Arena di Verona
0fp__87, Acer Iconia Tab
07kt2, Universe of The Legend of Zelda
03zm6r, Nikon Coolpix series
0275dd, Nissan Navara
013xl3, Hovercraft
0_qjjqz, Goat Simulator
04zk9, Monopoly
02tl8z, Ridge Racer
0dm32, Sweet potato
0wbgy0q, Talking Tom and Friends
0j64bfm, The Simpsons: Tapped Out
04656d6, BlackBerry Bold
07wp0b, Nami
03h_53, Cylinder
01z2z3, Wand
0360nc, Antena 3
040p0m, Chevrolet Malibu
0fp7c, Hawk
025b0l, Brown trout
05j128, Motorola Razr
023p5b, Mario &amp; Luigi: Superstar Saga
09b1hx, Twin-turbo
01rjjq, Half-pipe
027x8z, Betta
01jjwg, Furnace
01qcsb, Chewing gum
05y_r6, Aerosol paint
0hgrwgw, Halo: Combat Evolved Anniversary
025tm_k, Instant noodle
03grzl, Baseball glove
05skf9, Electribe
0cc50g4, Donkey Kong Country Returns
03c2wbr, Pizzica
05fc7nd, Dead Rising 2
0c3vz69, Total War: Shogun 2
03sds0, Chevrolet Suburban
01ncmt, Thermostat
0f9_l, Snail
01ft_c, Ney
03ctwt, Folding bicycle
023ztn, Lineage
0f4wv, V8 Supercars
05j98, Neo Geo
0k362, Tulip
0fx72, Airship
03gzs_r, Tales of Vesperia
0f7bft, Dekotora
0642x, Pastel
01gl9g, CNBC
01fnj5, Motor oil
0wbk_xw, Cube World
02ppgj6, DragonFable
01136, Atari 2600
0d8zb, Jellyfish
0b8nc6, Numark Industries
0dqb5, Citrus
01c6xf, Drinking water
02wrdv, Nissan Altima
01bb6j, Shovel
0dshv_, Padel
01jr9x, Shaolin Kung Fu
083l65, Kawasaki Ninja 650R
0gg5s_k, Super Mario 3D Land
0gvg1g, Ice pop
068jd, Photograph
05b0p6, Milking
0bvpg, Unicorn
05f7s19, Runes of Magic
025rqtz, Toyota Yaris
0jwtb2d, NHL 13
03bmk6, Sanshin
0l156s, Handbell
0c_g9b, Toph Beifong
0f13t, Spock
02w26x, BMW Z4
04rgpk, Crash Bandicoot 2: Cortex Strikes Back
02jnhm, Tin can
0143jv, Moshing
0pg_d, Justice League
02r7cgz, Corvette Stingray
02k856, Lap steel guitar
06g_gt, Suzuki Bandit
01gm69, G.I. Joe
02q_2q, Basement
0c3s8, Saturn
011v_m, Super Mario Bros. 2
05z6v7, Melty Blood
0r8mddn, Driveclub
05n02ml, Dacia Duster
020w2, Cornet
07lpk, Transformer
0j9pbsn, God of War: Ascension
04yclzb, Patrick Drake and Robin Scorpio
069hz, Quake III Arena
0by1g, Crayfish
07yc3t, Stitch
0w68qzh, J-Stars Victory VS
01282w, EarthBound
0c3zndy, Driver: San Francisco
01w6_0, Crappie
01mzvs, Green tea
0f54r, Stingray
01cmg_, Rechargeable battery
02pvj25, La Tale
054581, Gas metal arc welding
05qv64, Alesis
0kynf, Luigi's Mansion
03bx11l, Jerry Mouse
02nxqmh, Painter
0578s, Merlin
02hdz6, Llanero
0hdl4, Sukhoi Su-27
01h_g7, Pigeon racing
05sv1, Passport
03lnq3, Keychain
05_vtl, Split screen
0j_3p6b, Tom Clancy's Splinter Cell: Blacklist
09l27d, Beat 'em up
02w69lm, Darksiders
03qmg1, Baritone saxophone
037ls6, Coconut milk
0x0v0qy, Monster Retsuden Oreca Battle
058v7l, Porsche Cayman
0gw_hbs, Bloons
027tkjz, Multi-tool
04q7r, Lute
05ztqwj, S.T.A.L.K.E.R.: Call of Pripyat
0c7fr, Billboard
05mln, Olive
03l9g, Hammer
02mpjh, Oni
07b7_6, DJMax
03zj8n, The Shape
05mst, Orbit
0glp4b9, Drift trikes
01pvpp, Miniature wargaming
066vng, Chubby Bunny
01m3b, Constellation
02ty0f, Monica's Gang
0f81b, Solar flare
0827vn, Motorized bicycle
07kh124, Canon EOS 7D
035hb6, Starscream
053ps0, Škoda Fabia
03gq5hm, Font
03q8_3, Warhammer 40;000: Dawn of War
02g9p4, Appalachian dulcimer
0m0kxjl, Prawn
0fg0m, Peanut
05_7__, Padlock
02py351, Ticket
014nk4, Rudolph the Red-Nosed Reindeer
0ddfk4f, Juri
0gd6f, Fountain pen
07ckm7, Wine tasting
0241s6, Opel Kadett
01sc64, Doom 3
01hf5x, PortAventura
01_90z, Butterfly stroke
021zt5, Misty
04n8h8, Market garden
033yz, Lockheed Martin F-35 Lightning II
026qgqv, Pep squad
04jpl0p, Imperishable Night
05pdfcv, Perfect Cherry Blossom
01635d, The Legend of Zelda: A Link to the Past
0hw90, Heat pump
0847r_, Kenshiro
0jg3n, Pluto
0gztl, Southwest Airlines
04640wp, Bayonetta
023vk2, Referee
0kcvn, Jukebox
05p4nm7, Tom Clancy's Ghost Recon: Future Soldier
01mpnb, Mana
075s5y, Jiraiya
03c01z, Cadillac CTS
0gwlg, Aragorn
0tkdqy3, God Mode
01bvtk, Crocodilia
04rnsz, Ford Bronco
09k76, Cigarette
0jg57, Bell pepper
05thbm, Porsche Panamera
0d74dx, Fender
038235, Suzuka Circuit
09t19, Engagement ring
06sk_3, Tubing
0c869y, Pair skating
010vsp13, Just Dance 2015
01_7kc, Tuxedo Mask
0j_yc, Wasp
09g9srb, Amnesia: The Dark Descent
03259h, Honda NSX
026lrs, Napkin
01bg7s, Water well
01wq2s, SaGa
0ydxnws, Kristoff
045x18, Kingdom Hearts: Chain of Memories
03clnd_, Putter
0gmk4, Mosaic
02jqh0, Mercedes-Benz CLS-Class
0d15n1, Toshiba Satellite
03dr7, Jinn
07g92, TARDIS
02xkt4, Ducati Monster
0hrg8ry, Temple Run
04bsc, Kermit the Frog
0126gc, Reindeer
026zqg6, Mini-Z
09nqf, United States Dollar
02mj6l, Warcraft III: The Frozen Throne
049kc, Kimono
0f0ly, Optical illusion
04k94, Liquid
03zbtw, Audi Q7
0223ly, Captain Falcon
010rc_l1, Robocraft
0n_7pbr, Lego Legends of Chima
056qz, Monorail
0459r6, Chevrolet Chevy II / Nova
0grq0, Mayonnaise
044_xs, Zara
02y929, Swing
01g6gs, Black-and-white
0bgrvn, Aang
017r3f, Chameleon
0379rx, Timing belt
0d61m, Aurora
09dhj, Family
04cvgx, Mop
03nmyq2, Command &amp; Conquer: Red Alert 3
0cj2vnc, Princess Daisy
0j_70kd, Shrimp
025rxlh, Richter-tuned harmonica
01t8zz, Sonic the Hedgehog CD
0bhbw_h, Adrenalyn XL
07c_2, Transistor
01c53w, Chinchilla
02x9vdp, Empire: Total War
0347sv, Willy Wonka
027f4z, Bose Corporation
01gxrk, Boombox
01d74z, Night
09mg8k, Modelling clay
0clyyj, DeWalt
02q811_, Lego Batman: The Videogame
025s9qt, Hug
039z2g, Seiko
0_d6n, Jigsaw puzzle
03mfqz, Ork
0m0mdcm, Nokia Lumia 920
04br3, Kidney
0j38q, Tatra
035d1m, Canoe Slalom
0781kl, Burton Snowboards
01pbfj, Turban
01lsmm, Scissors
023hb6, Darts
016vt9, Christmas card
048j4l, Fender Precision Bass
01pf51, Tinker Bell
068vv, Postage stamp
01zwc5, Super Metroid
0203vw, Energy drink
0898b, Zebra
02jd5z, Wat
0j36tnd, HTC One X
0js7s, Green Arrow
03zblj, Prince of Persia: Warrior Within
0sghw66, Real Racing 3
0fq1s88, Xperia Play
0h3_sn, Tom Clancy's Splinter Cell: Conviction
08jpwt, Light fixture
0266ytd, Derek Shepherd
0gtwvsp, Order &amp; Chaos Online
02_n6y, Goggles
0j279ms, Trials Evolution
0cxstf, Mercedes-Benz Actros
0ynw4ch, Space Engineers
0ddb8cn, Dynasty Warriors 7
0571h6, Drive-through
013xbf, Electrical connector
04lcrrr, Punch-Out!!
06kmvl, Interchange
027x79, Gabrielle
0gwz1c7, Cars 2
01x9lj, Riven
05rk2, Plotter
0ffhy, Clam
05vtvw, Mercedes-Benz W124
0bwjbxv, Hakuōki
04lzmz, Strap
0glr07f, Dragon's Dogma
0y66zll, Black Desert
08078z3, Crème caramel
02fvjy, Mashed potato
0jzxpq8, Dance Central 3
0ynv62p, iPad Air
04f1myc, Wii Sports Resort
0wbk32s, F1 2013
04pj2g, Mitsubishi Outlander
06dgx3, Ultra Series
0xxq, Steel-string acoustic guitar
0g9_fc0, Pretty Rhythm
0cths5, GameTrailers
05syqj9, Aggressive inline skating
0k0_z, Sauna
02hyjm, Rookie
027t7q, Mulch
027t26, Pokémon Yellow
04tnkz, Toyota RAV4
0dtln, Lamp
01gm7z, Daihatsu
0cc5kfc, Resident Evil: Revelations
02rjc05, Dalmatian
0jk_x48, Rayman Legends
0jl1drr, PlayStation All-Stars Battle Royale
01748f, Balcony
09f20, Hippopotamus
02j1h, Dalek
0w1dcyh, Dragon Ball Z: Battle of Z
03ffs, Game Boy Color
0zg7s7c, Yuan Zai
030z9k, Upholstery
06408k4, Aliens vs. Predator
07m6cj, Company of Heroes
0d4by, Patchwork
04w695, Viola caipira
04jfx2j, Maid Sama!
0fd6q, Cash
0b6k08g, Lost Planet
051qb9, Super GT
01xg2t, Nightwing
025srf, Mass Rapid Transit (Singapore)
02s195, Vase
0c3ygj8, WWE All Stars
07qdr, Times Square
0_cp5, Oyster
03_hl0, Biryani
02yj3w, Beam
02pm5qq, Maserati GranTurismo
0kjxx, Chimpanzee
01jfp7, Portable stove
0h7lm5z, The Binding of Isaac
07sqb7, Tekken 5: Dark Resurrection
04sxss, Radar detector
04hj_s, Paiste
02px4yk, Wakfu
0cp1pcv, Sony NEX-5
0kn0cbv, Woozworld
0dw33, Final Fantasy V
0523x8z, Sarah Walker
04lhwwt, Cinderella
0j44j8m, Starbound
01ppsd, Essential oil
0fkp1, Crop circle
04rgx7, Crash Bandicoot: Warped
0cjs7, Asparagus
04jphh9, Clothes iron
01qkg, Calf
047vl80, Whipped cream
08060ry, HTC HD2
08t9c_, Grass
0j3d5yr, Lego Minecraft
02qd9cb, SOCOM
06ll8q, One-man band
0140d2, Converse
02qzvk7, A Certain Magical Index
05fj1t, Suzuki Escudo
03c2kfr, Kingdom Hearts 358/2 Days
02zyjc, Audi Sportback concept
04xwwr, Hyundai Sonata
0fmtd, Puppet
06mfbd, Cursor
0x0dn_j, Yamaha MT-09
01p3d7, Alaskan Malamute
021173, Shaman King
021r2z, Rayquaza
02h9w2, The Prince of Tennis
0gwlw9, Semi-trailer
0j6n6s8, Tesla
061dl5, Monster Energy
05p1yx7, Carpet cleaning
01rxt4, Marionette
09lgx1, PSA HDi engine
05c0n6k, Label
010gp1gj, Disney Infinity: Marvel Super Heroes
02sp46, Naruto Uzumaki
05dmvr, Ultimate Mortal Kombat 3
064q4cq, Xenoblade Chronicles
07l4g, Tiramisu
011bbf92, Trials Fusion
044b96, Nissan Sentra
0gh6xff, Samsung Galaxy Ace
0g5s7, Pea
010phk22, The Hunger Games
038pg_, Castlevania: Symphony of the Night
03zlh7, Six Flags Magic Mountain
05fc8s4, DJ Hero
020mlc, Solid Snake
026htx9, Spektrum RC
0gzhpf, Cort Guitars
03__z0, Bookcase
0dwl2, Valve Corporation
0nb2j7c, Pump It Up Fiesta 2
01b92, Bone
02417f, Windscreen wiper
04bnmz, Theatre organ
025s4_j, The King of Fighters '98
01084pt_, H1Z1
04r5h9, Toyota JZ engine
02qv1, Emerald
018dz_, Kimchi
02nb1, Eight-ball
083s2, Wing
0h_8zmz, Dead Space 3
04y45x, Baja 1000
031cl3, Fourth Generation Honda Integra
02kz6v, Star Fox 64
01jby8, AC Cobra
01hkml, Chauffeur
01_1m4, Annie
04vmpm, Loft
068qbc, Aerography
09gqg5m, Altaïr Ibn-La'Ahad
02q5fw, Porsche 930
026ym7, Salsa
053822, Chevrolet K5 Blazer
0d9qll, Nollie
0bk5m9, Bus driver
02x158, Winery
02r2b6, Prince of Persia: The Sands of Time
04y7pl, Cook
051clg, Audi RS 6
0bm8spb, HTC Evo 4G
0d2j47, Wii Remote
017rgb, Ferris wheel
05jnl, Newspaper
01v00w, Common quail
0g_ysr, Kawasaki Z1000
0bmnm, Tin whistle
0jt4r29, Hiru TV
02f435, SEAT Ibiza
0g0vx, Farmer
047vs1j, Guitar Hero: Metallica
04v791, Wedding invitation
06fx49, Garnier
02vwbsf, Infamous
0156wg, Axle
02r5g23, Pokémon Mystery Dungeon: Explorers of Time
0gtsqc, Double Dutch
01gfp, Balalaika
04dkyl, Hyundai Elantra
0j9njdz, Resident Evil
0b745rf, BMW 5 Series (F10)
032c8w, Atlantic bluefin tuna
01b642, Wellington boot
016dy9, Eurofighter Typhoon
0j91q, Hummingbird
0bdcn, Cod
03xlfx, GameStop
017bsd, MG Cars
0f0ch, Cinnamon
0dbzx, Mule
0h7l7cp, Transformers: Fall of Cybertron
0m4v, Almond
0184s5, The Mad Hatter
01v40j, Nissan Maxima
028k8w, It's a Small World
08fv_1, Mortal Kombat: Armageddon
0360zl, Bath &amp; Body Works
05mvw3t, Radiator
02cykr, Unreal Tournament
0m5d7, Super Mario RPG
02bfh5, Gothic
021sj1, Office
04b5pl, Kiba Inuzuka
0817p2, Ford Fusion
02td9c, Bombardier Dash 8
080knjp, Disguise
09rh1, Tesla coil
05qsy8, Universal Studios Hollywood
0dsb1wd, Neverwinter
01zsv1, Legoland
02q6k4_, Amphibious ATV
01qswv, Metroid Prime
0qftp8h, BlackBerry Z10
0r8p59k, Infamous Second Son
014vt3, TAM Airlines
09gg92l, Personal armor
0320_r, Mazda Raceway Laguna Seca
046dlr, Alarm clock
02zb48, Dentures
0cydv, Caterpillar
07mj3, Trabant
0589s, Might and Magic
03d443, Rhinoceros
0pcf2, Oshun
05zrqt, Fakie
06jtfl, Age of Conan: Unchained
02tjx4, Roomba
0jbjw, Tape recorder
0wxn8l1, Samsung Galaxy Gear
057yl, Mojito
0cv6_m, Python
0j2610j, New Super Mario Bros. 2
09t49, Leaf
02tt7k, Bentley Continental GT
02z_05, American Bulldog
0gg5b8k, 343 Industries
01q3jc, Berserk
017tdm, Leica Camera
0c3qy, Pluto
0ncq3xv, Angry Birds Star Wars
07pj3, TurboGrafx-16
027rr2, Para Para
03w98r, Mercedes-Benz A-Class
016br2, Dome
0906pq, The Lion King
0g_rg, R2-D2
04jdvkl, Pixie cut
0fch0p, Social media
0lpwk7_, Windows Phone 8
02rz3g, Roll
05zkv22, F1 2010
0fk3m1, Tomb Raider: Anniversary
0215zm, Peugeot 205
0513fz5, GMC Sierra
04_0095, Castlevania: Lords of Shadow
01pd2g, Raspberry
04cylkl, Tesla Model S
0myj0, Eric Cartman
0355qx, Deathstroke
0fvb2, Women's Tennis Association
05hqys, Gouken
040m82, Kia Sportage
02n6kc, Bansuri
0854v, Walkman
06ctv9, Honda K engine
04m_t, Lunar eclipse
0268z7y, Magician
01c_9j, Quarry
010fbk5l, Skylanders: Trap Team
02cj0_, Tupperware
0283247, Track racing
01wx7z, Star Wars Jedi Knight: Jedi Academy
02ps_43, Tooth brushing
03thgk, Silhouette
0j29g3r, Inazuma Eleven GO
01sstw, Battlefield 1942
0kv797c, Samsung Galaxy Note 10.1
0lgg_, Compound bow
05_8nr, Canter
02r1p, Escalator
015f2x, Singapore Airlines
02z1fs, Twisted Metal
0flgl2, Volkswagen Tiguan
03vxc_, Lego Duplo
02kf24, Australian Shepherd
05ml4, Olive oil
05806y, Whey protein
011y23, Stained glass
07_wd7, Jilbāb
0g9wpv8, F1 2011
0cnz82z, BlackBerry PlayBook
048n05, Multi-valve
057v5g, Sound system
0jqr4, Cinderella
025zvj, Cimbalom
0c3s73, Battlefield 2142
0lqgdgt, Lightning Returns: Final Fantasy XIII
01spzs, Still life
0f0q_s, Mapex Drums
025zzv, Cadillac Escalade
06xv5, Super Mario Kart
022x_3, Volvo S60
0m775, Tilapia
01jpv4, Miss Saigon
0x0t0sq, Pou
028r45, Air Force 1
076bq, Segway PT
03byxzx, Lamborghini Reventón
0bh78p7, Killzone 3
05d7m, Nerd
03hhrl, Eight-string guitar
071kwg, Granado Espada
0279f9, Mew
01s0vc, Zipper
01wy1g, Matryoshka doll
03jl0_, ABS-CBN
036bks, Gingerbread
02p1fkx, Text messaging
03bwzs_, Macross
05z7zm, Dutch Warmblood
012y1_, Soba
030z9z, Mentos
01s012, Top
06244p, Window film
012w5l, Ladder
011j2w, Shuriken
07p4g, Typography
0p1c1, Port
01vq7_, Iguana
02yrp, Fossil
03j8hs, Super Mario 64 DS
018hjb, Sport kite
01tysc, Hockey stick
0n8_mzf, Samsung Galaxy S III Mini
04s1_3, Sgt. Frog
0ldnc, Noah's Ark
02grnd, Suikoden
07tmhz, Hollow
0dftk, Swan
03nc1z, Honda Shadow
0cc7459, Just Dance 3
09k6cq7, Star Wars: The Force Unleashed II
019d6, Blackjack
0dl6q, Silk
025t05d, Mazdaspeed3
040xlr, First Generation Nissan Z-car (S30)
0cldt, Automated teller machine
0242gd, Wagon
04q78, Lex Luthor
07kbbqf, Lexus LFA
064f7, Pub
0cx37, Hare
09cg6, Taco Bell
022jqr, Mario Kart: Double Dash‼
07jmf, Keirin
027zm8, Lemonade
0j4288g, Rosalina
0m0g2jv, Kawasaki Ninja 300
03nwjn, Mohawk hairstyle
03gx245, Top
03r_n_, Puma SE
03wvsk, Hair dryer
03kzmq, Baby food
02lzsz, Seto Kaiba
01zgn0, Morgana
0crdy6z, Canon EOS 60D
025tbzw, Midna
0gmjjf, Transformers: Generation 1
03bx2zz, Handycam
018wvx, Arkham Asylum
01r22b, Fried egg
01jkwq, Onsen
03drqf, Jet pack
01rk86, Chili con carne
01ccnh, He-Man
04q8yyz, Spindle
0chml9, Portrait photography
011j44, Charlie Brown
0cf417, Lotion
04q2scx, Beetroot
037l9, Gladiator
0cc6b7t, Rayman Origins
0c_y8, Yosemite National Park
04y0j, Monkey Island
038sf, Greek food
0204p6, Decal
0dvxy, Final Fantasy
03mgjk, Nissan 300ZX
01jswq, Virginia Tech
0hfj1, Yeti
01j3zr, Burrito
01f5pq, Memory card
0gtwl8b, Chromebook
030bmc, Jaguar XJ
027wz5, Honda Prelude
04kkgm, Bowl
02cyt, Daredevil
05fny, Nebula
01pkxd, Macy's
02gw_5, Beanie
02pv0pf, Nursery
02ytnf, Mafia: The City of Lost Heaven
0n3z99_, Bullion
05nn06, Giant Bicycles
03n6jv, Peter Griffin
0nbv0r9, Dynasty Warriors 8
080k_3m, Motorola Droid
01263b, Duke Nukem Forever
063vjv, Hyundai Santa Fe
0287fmj, Yamaha YZ250
01jtqg, Funny Car
06qqv, Stainless steel
0wq48kj, The Sims FreePlay
083vns, Tales of the Abyss
02w37j, Renault 5
011b4tqt, Metal Gear Solid V: Ground Zeroes
06r_y9, Maximum Destruction
0134bx, Ronald McDonald
02zfsl, Age of Empires II: The Age of Kings
0b7753g, Civilization V
09m_30, Tomb Raider: Legend
01mzw, Calendar
03c73k, Sim racing
09gd8, Sikorsky UH-60 Black Hawk
0316dw, Typing
03nn8h, Scion tC
02rd1tt, Percy Jackson
0gm3m, Filling station
01n5jq, Poster
0ckwm9, Peel
0h64twr, Fire Emblem Awakening
02vk54z, Dry ice
01qfjr, Paso Fino
07s4k08, Blue Exorcist
01k5cb, Team Rocket
026mbk, Mega Man 3
062dpr, Unreal Tournament III
020sdj, Comb
05zqxq, Sand animation
021wms, Medley swimming
051y6, Maze
0d4vhk, Pentium
03779_, Tekken 3
080slg, Orihime Inoue
01lbxg, Nut
0gbjg, Airbag
03h3xhr, DMC World DJ Championships
03h2gpp, Rumble Fighter
0frqm, Envelope
027p_b, Pokémon Stadium
02fc7g, Lada Riva
06zqm6v, FarmVille
012fql, Marmalade
021v_4, Beverage can
0bg3kk, Chevrolet SS
068rll, Silent Hill 2
07j41f, Cockroach
075x8mw, Nokia N900
0661r43, Jaguar F-Type
09dx4bn, Fitness Center
0b59s3, Pre-flight safety demonstration
0655bb, Chokehold
03ymkqq, Warhammer 40;000: Dawn of War II
0140b_, Donkey Kong 64
01rv4_, Citroën Saxo
01cjzl, Woody Woodpecker
06q6lc, Spyro: Year of the Dragon
05p9zzj, Burpee
089b9, ZX Spectrum
02vf2g, Crochet hook
0d0_z, Smallmouth bass
0gjdtp7, Resident Evil: Operation Raccoon City
011gwp21, Assassin's Creed Rogue
0bxrbq, Loudspeaker enclosure
0318w1, The Simpsons Hit &amp; Run
0jh8w, Plywood
09bcm, Venus
014jz8, Udon
0g9lp, Pheasant
0cmcmkp, Fight Night Champion
0ggbx, Barcode
03xp6r, Autofocus
05rbs, Periodic Table
03bc1k, Animal Crossing: Wild World
01kc36, Dassault Rafale
04h7h, Lighthouse
020kz, Cannon
02n3dt, Hot chocolate
08gp55, Zoo Tycoon 2
03by2b2, Quake Live
0gl148, Toribash
04ygwp, Mac Mini
08dl8k, Mass Effect
02yvk1, Leopard gecko
041cgj, Yonex
05sj2z, Wilson Sporting Goods
07tf0w, Sonic Riders
07h3xz, The Lord of the Rings: The Battle for Middle-earth II
020_l8, Ice climbing
035h33, Terra
02rt8fd, Bánh
010qlfr7, Lego Batman 3: Beyond Gotham
09f96, Mosquito
07kdp82, Fable III
0ccls5, Yanmar
05pbstn, Penny
0g2c8, Rock and Roll Hall of Fame
010qln94, Panasonic Lumix DMC-GH4
08zdpl, Gradius
03xw3c, Dodge Neon SRT-4
0j63_94, Beyblade: Shogun Steel
0fp72f, Castle Crashers
045r56, Jill Valentine
047nwh_, Yamaha DT125
0d19kv, Final Fantasy Type-0
017tm4, Plasma display
01811m, Wetsuit
07nf74, Rilakkuma
03zrs6, Grand Theft Auto
051z2qn, Nokia N97
069_cr, Chrysler Hemi engine
04w8lr, Airboat
0vzsv33, The Order: 1886
03wlh9, Bowser Jr.
0284n2c, 3D television
055_l, Melting
085r6h, Texas Longhorns
0vpmppb, Wolfenstein: The New Order
080t1x, Peugeot 207
05c62s6, Tortilla
02p7326, Abadá
05f81zd, Nissan JUKE
0h3j0, Meteoroid
022p_k, Nissan Pathfinder
05rkj6, Heihachi Mishima
029hpc, Macaroni and cheese
05_jn4, Jaden Yuki
03swzv, Legacy of Kain
0875hc, Tōshirō Hitsugaya
0324y9, Far Cry
03ddl1, Honda XR series
0gvvwwl, UFC Undisputed 3
0b74vhm, Gods Eater Burst
01q3nd, Mack Trucks
05676x, Pencil case
07kc_, Theremin
08nmdy, Samurai Shodown
027l21, Leatherman
02w4b, Flugelhorn
05y7rk, 29er
03cs9b, Pelmeni
0j3dgjp, The Amazing Spider-Man
064mlm0, NBA 2K10
09dcnj, Tenten
0dx1j, Town
027xjp2, Caster board
056hj1, Headscarf
0j_5mqh, Beyond: Two Souls
0g5qhd3, Kingdom Hearts III
02p9hqv, Knife sharpening
05cskg, Dyson
02c3nd, Indoor soccer
03ffw1, QR code
0266_, Chrono Cross
08dr90, New Balance
03r_00, Pandeiro
014sb4, Meteor shower
07t985, Blue Dragon
034qd2, Clint Barton
060tky, Nissan X-Trail
056pwp, Washburn Guitars
057xsbz, The Beatles: Rock Band
0h57kr6, Nobita
03fgdf, King Dedede
0c9qxs, Lord of the Dance
02jvms, Empanada
0n8z3j5, Kingdom Hearts HD 1.5 Remix
025t1g1, Husband
07kcwx8, Dream Club
075zf, Sega CD
05f3dht, Citroën DS3
03r2ph, Star Ocean
0vpmlkc, Sonic Lost World
0cm8hl8, Neodymium magnet toys
01t8z1, Punisher
03bnb, General Electric
02xcpb, Lollipop
01lvn4, New York City Police Department
04n92b, The North Face
0b8r64, Gratin
010f6mzc, Recurve bow
01_8w2, CBS News
0hzp31r, One Piece: Pirate Warriors
05k6pl, Resident Evil 3: Nemesis
0fqrjsq, Tribal Wars
0gvs4hc, The Sims 3: Pets
09k5_gm, Nexus One
01xdhp, Tamagotchi
0gfjmwv, Skylanders: Spyro's Adventure
05h2ggh, Dead Frontier
06w1k41, MechWarrior Online
0wrr, Asterix
04nc5s, Chibiusa
08mx0h, Toner
054l3b, Daenerys Targaryen
07x9q, Unreal
04f0cj3, Sonic and the Black Knight
0gk6n, Military tactics
0525pj, Mother 3
079p8t, Ōkami
01h5hb, Kei car
05vzl7, Talk box
0114gtzb, PriPara
01jp9b, Sleeping bag
0fy5pl, Gothic 3
0g_qz, Darth Maul
01zbnw, Screenshot
05y929, Kia Sorento
03txqz, Weighing scale
05m4m, Orangutan
07f2t5, Yamaha Motif
0j458_f, Ferrari F12berlinetta
0449p, Jaguar
01wmgs, Freddy Krueger
02r3llk, Colin McRae: Dirt
022dz2, Orphanage
0755b, Scorpion
065pn7, Command &amp; Conquer: Generals
01h44, Bat
0290zw, Diddy Kong
0417jsh, Poptropica
049sjn, Revell
025znc, Flip-flops
0dvjd, Square dance
043q71k, Gamblerz
05c_72, Audi Q5
0cnxdq6, Tales of Xillia
02p_0k, Tie-dye
0cxdc, Humanoid robot
04f127, Mini ramp
061_f, Pear
02_98f, Super Shredder
05zl3dg, Killing Floor
0hnnb, Umbrella
01wst8, Lifeguard
09glrmv, Sony Ericsson Xperia X10
0635r9, Siku Toys
02bls7, Taskbar
026dmfk, Rain gutter
061qdk, Prince of Persia: The Two Thrones
0bh9rcz, London Fashion Week
04qbpjp, Princess Aurora
04fv0k, Marriott International
03wcykg, Diaper bag
0d652y, With Your Destiny
0g4fr, Papaya
04cfw8, Classical ballet
0plvs, Eldar
0h3q35s, FIFA Street
064fs6, Alan Wake
02_6gvj, Uncharted: Drake's Fortune
02kh4w, Injury
01hbjs, Look-alike
01vzvy, Mortar
03h_4m, Cylinder